id,vehicle_id,timestamp,latitude,longitude,speed,direction,fuelType
571fffbb-6723-4103-b9f5-dee1a5b1bf1e,Vehicle-Demo-123,2024-11-15T23:59:21.900099,36.7937149071984,79.14983839959639,94.6,South,Electric
fbf3fd66-70d2-4c62-b34e-35c8681ca585,Vehicle-Demo-123,2024-11-15T23:59:56.900099,36.50334303485246,79.29938601937278,99.64,West,Hybrid
b5936d02-7bdb-4984-8ad2-a1423dca4259,Vehicle-Demo-123,2024-11-16T00:00:33.900099,36.21378648845742,79.44980317577811,105.58,East,Electric
689f7d13-0208-41ae-9d46-bd7df78cd54c,Vehicle-Demo-123,2024-11-16T00:01:14.900099,35.923999114328076,79.6000088925765,89.32,East,Petrol
0ca72a06-10f8-436d-b06a-df4c51a0713d,Vehicle-Demo-123,2024-11-16T00:01:50.900099,35.63356920055672,79.75017626108962,112.22,West,Hybrid
e6901a08-debc-4552-ab49-b6a5f24aa8d2,Vehicle-Demo-123,2024-11-16T00:02:42.900099,35.34401490096075,79.8997575503898,24.77,East,Hybrid
066818c1-1f52-4386-8fb8-17e48e3d28f6,Vehicle-Demo-123,2024-11-16T00:03:37.900099,35.05452653128264,80.05021055518218,93.53,North,Diesel
56ab6137-a18e-4fec-80f0-be4d659a59ff,Vehicle-Demo-123,2024-11-16T00:04:08.900099,34.76433377407586,80.2003415668206,46.05,East,Electric
34ab68f2-07f6-4dc8-895e-d5644358dab7,Vehicle-Demo-123,2024-11-16T00:05:02.900099,34.47443439640664,80.3504466090873,59.17,North,Electric
96d7c1c5-7751-4799-b9b0-90d298611a1a,Vehicle-Demo-123,2024-11-16T00:05:46.900099,34.18402485553228,80.50016685493709,39.9,West,Hybrid
3ee56ed7-2c8a-403a-9f5c-6d079fd82556,Vehicle-Demo-123,2024-11-16T00:06:46.900099,33.894207413550525,80.64975426442156,68.23,East,Diesel
72aac209-09f2-42a5-ba3c-7842cfe3b10c,Vehicle-Demo-123,2024-11-16T00:07:44.900099,33.604175877080436,80.79997533996156,84.9,West,Petrol
e4b80b55-b39f-484b-8444-ac1d0df5ba06,Vehicle-Demo-123,2024-11-16T00:08:28.900099,33.31382960550132,80.95027576067062,60.82,South,Hybrid
f91659ac-6459-4a38-b1e8-4147c4fdca66,Vehicle-Demo-123,2024-11-16T00:08:59.900099,33.02384539340568,81.10061594938134,45.93,Northeast,Petrol
1d05e057-2c45-4bcb-a565-a7371b5540c8,Vehicle-Demo-123,2024-11-16T00:09:32.900099,32.73366572094625,81.25062097611745,81.66,Northwest,Diesel
a329960f-d293-4e5f-bc57-362e01ebdc33,Vehicle-Demo-123,2024-11-16T00:10:26.900099,32.443577846314426,81.40063097045021,77.28,West,Electric
eb0bbd93-74f8-4662-8a81-8d394183df8f,Vehicle-Demo-123,2024-11-16T00:10:59.900099,32.15397076414127,81.55050603815765,77.83,East,Petrol
39d2ae9c-fd93-47a2-b6a7-b23b57b5acfa,Vehicle-Demo-123,2024-11-16T00:11:31.900099,31.864110633349238,81.7008332470968,100.56,Northeast,Petrol
132922aa-8c05-4553-8f77-4d60a55aae52,Vehicle-Demo-123,2024-11-16T00:12:21.900099,31.574363954795864,81.85059922426206,29.88,South,Petrol
2f9f5610-4a35-4103-b5de-c11a8f5ab6bf,Vehicle-Demo-123,2024-11-16T00:12:58.900099,31.284282029880515,82.00036390863436,69.69,North,Electric
36253717-585c-46cc-a530-fa2928493f4c,Vehicle-Demo-123,2024-11-16T00:13:39.900099,30.994165002330753,82.15063950025566,33.34,East,Petrol
c5ac2902-d80d-4d61-bfdb-ae336a02d6a3,Vehicle-Demo-123,2024-11-16T00:14:13.900099,30.70385783520227,82.30060439331082,21.06,Southeast,Petrol
065c8003-2e13-4662-accc-8ed283d59d9f,Vehicle-Demo-123,2024-11-16T00:15:04.900099,30.4135817502281,82.45080584426621,101.4,North,Petrol
8a8475f4-4e25-443e-9be3-4097fd5cd635,Vehicle-Demo-123,2024-11-16T00:15:58.900099,30.12331038237417,82.60095496143298,59.32,Northwest,Petrol
9676c201-6b8c-465a-bc8c-047bd36de05b,Vehicle-Demo-123,2024-11-16T00:16:50.900099,29.833071684282462,82.75134668051831,13.54,East,Diesel
52ad9ae6-5959-421f-b71d-3e8b342139b7,Vehicle-Demo-123,2024-11-16T00:17:31.900099,29.5427438654432,82.90164229012571,16.81,Northwest,Diesel
2cf7d05b-efa9-43ac-b95c-a9a56a530753,Vehicle-Demo-123,2024-11-16T00:18:27.900099,29.252937869036522,83.0520250858902,87.17,North,Hybrid
c8044bad-8e07-4860-821c-ee7a7216c3c2,Vehicle-Demo-123,2024-11-16T00:19:17.900099,28.962944016512804,83.20221214810282,51.16,South,Diesel
b97eefd3-374b-4169-844b-359a9072e9e3,Vehicle-Demo-123,2024-11-16T00:20:06.900099,28.67289519128386,83.35228297247323,54.33,Northwest,Petrol
1c5442e1-3d63-4691-8aef-6e6a4b8ca19a,Vehicle-Demo-123,2024-11-16T00:20:36.900099,28.383248400763357,83.50216566805602,83.65,East,Electric
8c3ae5a2-8cf6-4c89-bc8c-8f583a123828,Vehicle-Demo-123,2024-11-16T00:21:17.900099,28.093435868297835,83.65177798692781,62.24,South,Electric
ecbc3fd7-fdab-420a-a9ac-33bc4e6fd15c,Vehicle-Demo-123,2024-11-16T00:22:02.900099,27.803963665460948,83.80146575756451,20.8,Southeast,Petrol
2303b32f-ff7b-475a-b922-b12c17808446,Vehicle-Demo-123,2024-11-16T00:22:44.900099,27.51434670265993,83.95102381589953,24.18,Southwest,Electric
6b5b10e9-849e-4426-add5-266f75fcc795,Vehicle-Demo-123,2024-11-16T00:23:17.900099,27.22452594711276,84.10148636244388,17.49,Northeast,Diesel
483793c8-b2ce-4f28-a2c5-5dab85f41389,Vehicle-Demo-123,2024-11-16T00:24:14.900099,26.934360677034295,84.25153574912439,21.64,Northwest,Petrol
2fd00c49-eecf-42c8-82de-2dffcb705b01,Vehicle-Demo-123,2024-11-16T00:25:06.900099,26.6444789491638,84.40178843036622,108.47,Southwest,Diesel
f3f17119-aba6-4b34-b7a2-61fa0360be16,Vehicle-Demo-123,2024-11-16T00:26:05.900099,26.35431634257904,84.55218260844573,93.95,Southwest,Diesel
a8fc23d9-e1e7-4926-96a1-d0e43ad5a718,Vehicle-Demo-123,2024-11-16T00:26:38.900099,26.06454167506723,84.702520952358,78.17,East,Diesel
4f7087b8-b097-4533-bcd1-bb31283d7a03,Vehicle-Demo-123,2024-11-16T00:27:21.900099,25.77436179330113,84.85245273049306,32.65,East,Hybrid
05cbecce-c014-4894-b4ff-1b6db783ffe4,Vehicle-Demo-123,2024-11-16T00:27:52.900099,25.48405797055485,85.00277053348638,77.94,South,Hybrid
85c5c740-f7a7-4a96-8592-5f765312c918,Vehicle-Demo-123,2024-11-16T00:28:49.900099,25.194170153660433,85.15235910104047,93.24,Northwest,Electric
d6246d54-f093-42ad-b47c-2ab2105bb7c5,Vehicle-Demo-123,2024-11-16T00:29:40.900099,24.904442165290327,85.30279131579915,22.9,North,Diesel
cfe9debf-6acc-49f2-a1db-8daf9eb26987,Vehicle-Demo-123,2024-11-16T00:30:20.900099,24.61407654347623,85.45268676021837,97.05,Northeast,Diesel
d0baaafb-0610-4c24-970e-a98bc77236ac,Vehicle-Demo-123,2024-11-16T00:31:05.900099,24.3246156083431,85.60273643315095,24.81,Northwest,Hybrid
1a7ece60-f98c-4dcb-9a04-53a346b0fadb,Vehicle-Demo-123,2024-11-16T00:32:02.900099,24.034269037933512,85.75303520311033,90.24,East,Diesel
dcf91769-1a87-4e40-82bf-35243e6c03cc,Vehicle-Demo-123,2024-11-16T00:32:32.900099,23.744417787964895,85.90254551317305,65.9,Southwest,Diesel
be9eeee1-bf56-486f-bc0c-063610a51e00,Vehicle-Demo-123,2024-11-16T00:33:03.900099,23.45451126475658,86.05207553764889,91.93,Southeast,Electric
81c48be6-f11e-4256-9039-bd3102153d32,Vehicle-Demo-123,2024-11-16T00:33:54.900099,23.16434002631848,86.2025117281077,103.32,South,Petrol
657311c6-dbf4-4f38-9a24-d5e9c62d80ab,Vehicle-Demo-123,2024-11-16T00:34:36.900099,22.873960826703097,86.35296238952797,41.46,West,Hybrid
11edc7ec-9a7c-4887-8ead-0ef986f40a34,Vehicle-Demo-123,2024-11-16T00:35:20.900099,22.584424123462473,86.5034529249284,12.54,Northwest,Petrol
d22f66ff-e8fb-436f-bb97-4a85b463eb10,Vehicle-Demo-123,2024-11-16T00:35:56.900099,22.294009835460876,86.65299879958513,105.01,North,Diesel
c5fdd20e-062d-48da-9185-c0e1e6f1ec9e,Vehicle-Demo-123,2024-11-16T00:36:56.900099,22.004192379216086,86.80274736156295,100.66,Northeast,Petrol
da1060ef-9ea1-411f-afa2-6f8b5d03d02e,Vehicle-Demo-123,2024-11-16T00:37:28.900099,21.71392679170266,86.95224628552238,102.66,Northeast,Hybrid
59c35ffb-4849-4efb-9ee9-9f7bc024b6bf,Vehicle-Demo-123,2024-11-16T00:38:15.900099,21.423994706886788,87.10239486115711,15.09,South,Petrol
dcbfb265-844e-4cbf-96df-5e8840ef2bbe,Vehicle-Demo-123,2024-11-16T00:38:51.900099,21.13413387732323,87.2525537473641,100.89,Northwest,Petrol
82c92045-522b-4b27-8f1c-d98fc2539ca4,Vehicle-Demo-123,2024-11-16T00:39:43.900099,20.844091913578662,87.40213893364704,90.51,South,Petrol
f6d06d73-e20f-46a0-9cdd-127cd111276c,Vehicle-Demo-123,2024-11-16T00:40:40.900099,20.55411443874837,87.55164909444417,92.78,Northeast,Diesel
8ca101d7-b961-47d8-b5d2-43595494f049,Vehicle-Demo-123,2024-11-16T00:41:22.900099,20.26424749152479,87.7021403351977,41.25,East,Electric
6e01b1bb-6601-444e-9f9d-99ef8c0bf6a5,Vehicle-Demo-123,2024-11-16T00:41:55.900099,19.974319958152613,87.85173434348515,10.26,Southeast,Diesel
ccbb12e6-82e8-49a7-9c75-07d490063e71,Vehicle-Demo-123,2024-11-16T00:42:49.900099,19.68465062137511,88.0016662147583,97.14,Southeast,Hybrid
4555d8a1-b1c0-497f-b77b-595e405a15c2,Vehicle-Demo-123,2024-11-16T00:43:41.900099,19.395179017755904,88.1519050621919,37.24,Southeast,Diesel
0ca3cc10-8a1f-4a6a-b6dd-e4bae212e3f0,Vehicle-Demo-123,2024-11-16T00:44:14.900099,19.105310483514025,88.30207268584759,19.96,Southeast,Petrol
d7376e24-c32a-4f7f-849e-7cfd1b8b00c6,Vehicle-Demo-123,2024-11-16T00:45:06.900099,18.815713219272197,88.45231325673508,70.8,Southeast,Electric
c8e99af3-16a0-4e36-87f7-603c85a5f8e1,Vehicle-Demo-123,2024-11-16T00:45:50.900099,18.52570453395347,88.60186698531913,55.75,South,Diesel
5575f88c-cde9-412a-bd59-ed8b6befe188,Vehicle-Demo-123,2024-11-16T00:46:42.900099,18.235454648176137,88.75154242414798,82.96,Southeast,Diesel
af19c954-d08c-4b92-9e27-916161baaf4c,Vehicle-Demo-123,2024-11-16T00:47:27.900099,17.945841715749175,88.90197550086117,39.23,East,Hybrid
5019496a-0c8a-4d50-9e62-8fb9c4138d99,Vehicle-Demo-123,2024-11-16T00:48:07.900099,17.656050521238924,89.05221472861169,53.66,Northeast,Hybrid
f7b75980-4887-4096-9dc3-7d1e239c00b1,Vehicle-Demo-123,2024-11-16T00:48:43.900099,17.365779084886665,89.2023582592098,75.75,West,Diesel
fab02b5a-8439-4be1-86c8-4263e8071bab,Vehicle-Demo-123,2024-11-16T00:49:29.900099,17.076004701954854,89.35278613866879,29.86,Southwest,Electric
f3496029-0357-4e2a-b382-b2aaad1a5ff2,Vehicle-Demo-123,2024-11-16T00:50:23.900099,16.786376364700864,89.50265583402403,51.05,South,Electric
a446a27c-653a-4ea3-9897-b512deb75337,Vehicle-Demo-123,2024-11-16T00:50:58.900099,16.49654311000118,89.65285153476086,119.55,Southeast,Petrol
27635c46-6a3e-402f-879f-0f78226fa600,Vehicle-Demo-123,2024-11-16T00:51:46.900099,16.20695517789541,89.8028487136684,38.62,Southwest,Diesel
96078a77-9f11-49e0-b08e-3e240f8be081,Vehicle-Demo-123,2024-11-16T00:52:45.900099,15.9171533081636,89.95247843346645,106.05,Southeast,Petrol
e04d9041-6f32-4a62-b34b-fda781bf0cac,Vehicle-Demo-123,2024-11-16T00:53:38.900099,15.62672431988544,90.10200627733826,24.67,North,Hybrid
e39de2b9-0e08-4666-8aec-f167124b51b3,Vehicle-Demo-123,2024-11-16T00:54:30.900099,15.337250942450234,90.25228039161328,117.69,East,Hybrid
d9548fc3-4fb6-48cb-a32e-96b34fe8c0df,Vehicle-Demo-123,2024-11-16T00:55:07.900099,15.047058328352126,90.40208711452414,68.18,South,Diesel
8caf01ee-a8da-46a6-bbf7-9f4b02d1bfb8,Vehicle-Demo-123,2024-11-16T00:55:41.900099,14.757361834037214,90.5525187364402,10.5,Northeast,Electric
5e648d4d-d7f7-4254-860f-144710b34d85,Vehicle-Demo-123,2024-11-16T00:56:33.900099,14.467690408068467,90.70265637079014,77.16,Northwest,Electric
4e3f6114-1db4-47ec-a0a0-84a701ea6d8c,Vehicle-Demo-123,2024-11-16T00:57:10.900099,14.177643033859466,90.85233857919143,59.69,North,Hybrid
d01c4386-83d7-49da-88aa-ee35d2308b55,Vehicle-Demo-123,2024-11-16T00:58:00.900099,13.88768939978183,91.00219661813578,69.86,North,Hybrid
d1d7f93a-8e42-4fc9-aa59-2ba4b28c37a3,Vehicle-Demo-123,2024-11-16T00:58:46.900099,13.59818227257237,91.15267632629357,52.69,South,Hybrid
826d3540-70fc-488e-8a76-76f38cf81f99,Vehicle-Demo-123,2024-11-16T00:59:29.900099,13.308704059168589,91.30243672535526,104.0,South,Diesel
1dbdf839-8664-44cd-a0dd-39e4d61ae3a0,Vehicle-Demo-123,2024-11-16T01:00:14.900099,13.018767283079184,91.45231699916054,105.92,West,Petrol
5d869ee4-e00c-4341-ab0c-d9b0158d9259,Vehicle-Demo-123,2024-11-16T01:01:08.900099,12.728912268066871,91.60223889200448,73.24,Northeast,Diesel
2b929396-073b-48ee-bc4f-24d7dd47b933,Vehicle-Demo-123,2024-11-16T01:02:04.900099,12.43877306970339,91.75271434461548,102.04,Southeast,Hybrid
6164ec0b-f96c-4ef9-890f-aa2a59256621,Vehicle-Demo-123,2024-11-16T01:02:42.900099,12.148941074366615,91.90282663565554,79.59,Northeast,Petrol
08c3e4a3-a67d-470a-9ca2-eb57e86ed20d,Vehicle-Demo-123,2024-11-16T01:03:31.900099,11.85870354127371,92.05290631785054,108.31,Southwest,Petrol
f58835d2-a4a2-445c-98b4-2b59cf028eb7,Vehicle-Demo-123,2024-11-16T01:04:11.900099,11.569127900327963,92.20279507497652,110.45,Northwest,Diesel
8e4e2495-f20c-4e5b-94be-7c54e4c2daa7,Vehicle-Demo-123,2024-11-16T01:04:44.900099,11.278893237691403,92.3532400964372,62.46,West,Petrol
08b0e096-fb30-46e0-accd-a1aa143393ca,Vehicle-Demo-123,2024-11-16T01:05:34.900099,10.988997144709376,92.50306545829149,30.8,South,Diesel
8044ef5a-9eab-4e31-912b-de2fb9a2afe8,Vehicle-Demo-123,2024-11-16T01:06:11.900099,10.69923590206552,92.65289015279738,18.2,North,Diesel
6f9778e2-e4cf-431a-93cd-34baa52646df,Vehicle-Demo-123,2024-11-16T01:06:50.900099,10.409776335151813,92.80314923003121,61.09,Southwest,Hybrid
2b7270e8-5a6b-481a-b3ec-cdbf713f72bc,Vehicle-Demo-123,2024-11-16T01:07:44.900099,10.120061197601482,92.9535162921093,28.4,Northwest,Electric
7e3474e9-5f8b-4be9-96e0-f1f681bae56a,Vehicle-Demo-123,2024-11-16T01:08:34.900099,9.830425017324448,93.10391064622709,64.88,South,Diesel
0a73de8a-d81b-49fc-9563-19f78eb6fe1b,Vehicle-Demo-123,2024-11-16T01:09:33.900099,9.540385184324734,93.2537364668668,65.65,East,Petrol
09aed28a-7e7f-49eb-a94b-482f76d7c14e,Vehicle-Demo-123,2024-11-16T01:10:09.900099,9.250337434363146,93.40381783105103,68.64,Southwest,Petrol
a81c916c-42cb-4fcf-a4bf-217e582020b5,Vehicle-Demo-123,2024-11-16T01:11:06.900099,8.96001613841235,93.55427781361102,57.08,East,Electric
4f10c3e9-f44a-45a4-b300-3f8a01cd20fb,Vehicle-Demo-123,2024-11-16T01:11:41.900099,8.670491999768185,93.70395908065686,96.46,Northwest,Petrol
41fd705b-d2ab-4b72-902c-c6e59cca73dd,Vehicle-Demo-123,2024-11-16T01:12:33.900099,8.380439471385676,93.85357392297706,119.1,East,Electric
ae89061c-f757-4386-8e2d-8fe6538c20b5,Vehicle-Demo-123,2024-11-16T01:13:09.900099,8.090010529682187,94.0031296241259,29.8,South,Electric
aab69baf-3daa-4a46-a416-386422d70f78,Vehicle-Demo-123,2024-11-16T01:49:42.900099,7.800407033999129,94.15338749425837,30.14,Northeast,Petrol
4082e1e9-d921-4afc-a3c3-0370dcb808d5,Vehicle-Demo-123,2024-11-16T01:50:37.900099,7.510181704304474,94.3030604878697,101.28,Southwest,Diesel
390661d7-616e-477a-987d-0c4b16594a84,Vehicle-Demo-123,2024-11-16T01:51:25.900099,7.220514373540645,94.45314340863425,24.96,Southeast,Hybrid
56be0c11-2b5a-4d48-b509-cbe1c05ac94a,Vehicle-Demo-123,2024-11-16T01:51:57.900099,6.93018354393192,94.6031070018193,26.39,West,Electric
1692b7ec-2bb5-4af7-be8a-284a00119b1f,Vehicle-Demo-123,2024-11-16T01:52:55.900099,6.6404336891083915,94.75315951809452,20.04,Northeast,Petrol
2aab0b2a-e311-4f93-89fc-f347a6595e07,Vehicle-Demo-123,2024-11-16T01:53:25.900099,6.35066035268851,94.9034732315267,20.65,Northeast,Electric
d19607ab-0742-45d6-8a40-7c7cdf744978,Vehicle-Demo-123,2024-11-16T01:54:18.900099,6.060569148229455,95.05350191240906,33.8,West,Petrol
ade6bcaa-e7b5-4195-afce-0d6f3c547e5f,Vehicle-Demo-123,2024-11-16T01:55:17.900099,5.770674304095257,95.20343106848573,44.89,South,Hybrid
c538377e-5cca-4135-b13b-a77385f6037d,Vehicle-Demo-123,2024-11-16T01:55:48.900099,5.480670704030404,95.35305875694276,17.74,Southeast,Hybrid
52e0000a-4b53-4c7b-be5d-ae055426f6a7,Vehicle-Demo-123,2024-11-16T01:56:46.900099,5.1907214078984,95.50308239031493,55.03,Northeast,Diesel
3436a34f-88df-4889-b1e5-efd5776ebc1c,Vehicle-Demo-123,2024-11-16T01:57:23.900099,4.900623687402229,95.6526287450351,102.77,Northeast,Hybrid
541baabc-5db1-472d-a498-588e0e17fa6f,Vehicle-Demo-123,2024-11-16T01:58:21.900099,4.610619895796865,95.80292122612592,23.73,West,Diesel
265901c8-25cb-4010-81e2-d0e127cc091a,Vehicle-Demo-123,2024-11-16T01:58:59.900099,4.320783503757981,95.9525932792946,110.5,East,Electric
f346ecfa-4f4f-4814-8708-6183f159e8e1,Vehicle-Demo-123,2024-11-16T01:59:34.900099,4.031019717580003,96.1022216686812,104.76,West,Electric
d58937b9-02a3-435e-9523-e888c3143310,Vehicle-Demo-123,2024-11-16T02:00:31.900099,3.740810410847699,96.25230055565295,80.16,Northwest,Diesel
62599f12-6fd5-4dad-b9e8-dd343902af55,Vehicle-Demo-123,2024-11-16T02:01:21.900099,3.450842449247302,96.4021273705346,29.25,Northeast,Electric
dee519a0-3597-41ff-8a76-e241773375e0,Vehicle-Demo-123,2024-11-16T02:02:00.900099,3.160429272798444,96.5525421232985,29.78,Southeast,Diesel
b2c30571-4e0d-49b1-bf8d-b6cca505329f,Vehicle-Demo-123,2024-11-16T02:02:46.900099,2.8706965391407397,96.7024043181354,93.23,South,Electric
19a4f6f9-06bb-4a80-83ac-6dce9d0109a2,Vehicle-Demo-123,2024-11-16T02:03:34.900099,2.5804473045761718,96.85212933157581,95.8,Southwest,Electric
ad234e05-27db-4e37-a761-998d231138bc,Vehicle-Demo-123,2024-11-16T02:04:23.900099,2.2909424890063255,97.00230278028911,109.79,Northeast,Diesel
61c79773-8c27-49ec-8a4f-c399761ae01f,Vehicle-Demo-123,2024-11-16T02:05:10.900099,2.0006134587387887,97.15260868783284,56.6,East,Petrol
87890650-6116-41a5-8662-7ad20c2543ef,Vehicle-Demo-123,2024-11-16T02:06:02.900099,1.7103685069112853,97.30302621631536,85.23,Southeast,Petrol
9d253e3d-5355-45cc-a433-c986d4517646,Vehicle-Demo-123,2024-11-16T02:06:58.900099,1.420530050005315,97.45279503765656,51.16,North,Petrol
281596c0-fa48-4b6a-a80d-350c51b98acd,Vehicle-Demo-123,2024-11-16T02:07:31.900099,1.1305167222042194,97.60297573210393,81.83,South,Diesel
ddab055b-0d1c-491f-a4bb-631f314bb990,Vehicle-Demo-123,2024-11-16T02:08:25.900099,0.8401865034092107,97.75326660986681,88.0,South,Electric
ed47ac85-5ec0-4388-a6fd-51743a6e70f6,Vehicle-Demo-123,2024-11-16T02:09:09.900099,0.5505531249564511,97.90296232618854,19.53,Southeast,Hybrid
35ef5946-ef65-4351-b07c-b3533522875a,Vehicle-Demo-123,2024-11-16T02:09:45.900099,0.26073097547128965,98.05249217283865,108.74,Southwest,Electric
4ae3275e-0908-45da-b06d-999e8cc37140,Vehicle-Demo-123,2024-11-16T02:10:40.900099,-0.029470395358185023,98.20247597846719,60.56,South,Diesel
884d4d84-e580-45c5-878b-3265a99e06ea,Vehicle-Demo-123,2024-11-16T02:11:35.900099,-0.31978499225712387,98.35228071785487,18.21,Southeast,Petrol
2de15ac5-faf2-4b9d-bda0-08785e02c6ff,Vehicle-Demo-123,2024-11-16T02:12:14.900099,-0.6102270362170298,98.50187399830752,53.84,West,Hybrid
a4ae8193-415e-4d91-92d4-129610d8ce87,Vehicle-Demo-123,2024-11-16T02:12:58.900099,-0.8997572264679924,98.65224075131704,14.36,North,Hybrid
0e1f8b3d-c973-4a10-bf0b-7d8dccb36974,Vehicle-Demo-123,2024-11-16T02:13:44.900099,-1.1896243676156104,98.80225628473897,95.0,Southeast,Electric
1fd5fb70-faab-4991-9537-f28143d6359a,Vehicle-Demo-123,2024-11-16T02:14:33.900099,-1.4796025235115515,98.95182457187757,23.02,Northwest,Electric
1dd5303b-22c3-4c2b-9f25-108ccb9ff6fa,Vehicle-Demo-123,2024-11-16T02:15:11.900099,-1.7696238027557358,99.10221328534357,47.41,Northwest,Electric
ecb4da54-bad5-47e5-9e95-f13f8a3e237b,Vehicle-Demo-123,2024-11-16T02:15:50.900099,-2.059263445367879,99.25175852754566,38.47,East,Electric
8539e9c7-0cf9-4e61-8a14-33a5a9179a0f,Vehicle-Demo-123,2024-11-16T02:16:35.900099,-2.349267258831419,99.40204392869656,64.12,South,Hybrid
d28521da-7dcc-42f8-8020-d31f14f70508,Vehicle-Demo-123,2024-11-16T02:17:18.900099,-2.6390061230257564,99.55181811257754,107.19,South,Diesel
fdd81c24-9d8c-40bc-b400-ac2928582baa,Vehicle-Demo-123,2024-11-16T02:18:00.900099,-2.928785330714696,99.7022644543633,23.01,North,Petrol
582ccb3c-a490-47a6-ba1f-255581b77394,Vehicle-Demo-123,2024-11-16T02:18:41.900099,-3.2192301986375016,99.85272398574521,45.13,Northwest,Hybrid
686b9ed0-5238-47fc-9f82-a658d3ab91f1,Vehicle-Demo-123,2024-11-16T02:19:41.900099,-3.5091944150143313,100.00266756606968,75.93,South,Electric
da8d4a32-3327-4ee4-8df9-1312bc1a35ab,Vehicle-Demo-123,2024-11-16T02:20:30.900099,-3.798941666577428,100.15228291025745,70.33,Northeast,Electric
dc36fdf9-3863-456d-abef-3733b831c94d,Vehicle-Demo-123,2024-11-16T02:21:15.900099,-4.089115936444348,100.30199703264891,76.21,East,Petrol
62063f80-9acd-4a64-9727-908573e0354b,Vehicle-Demo-123,2024-11-16T02:21:58.900099,-4.379287617409881,100.45218103788226,17.13,Southwest,Diesel
fd2cf128-7511-445c-89ac-fa089146fea9,Vehicle-Demo-123,2024-11-16T02:22:42.900099,-4.669316497985194,100.6018719738912,119.15,North,Electric
e08691a7-2a3b-457e-bae7-e227920fdce3,Vehicle-Demo-123,2024-11-16T02:23:20.900099,-4.959475470160429,100.75197964786487,83.0,Southeast,Petrol
7aab7b6a-2cdc-4f80-ba23-b13cbe6ee55e,Vehicle-Demo-123,2024-11-16T02:23:50.900099,-5.249074639253605,100.90155804687278,105.33,Northwest,Diesel
bdabdd36-0e48-4b93-8085-b4bcad21e09b,Vehicle-Demo-123,2024-11-16T02:24:49.900099,-5.539158393278789,101.05184096943086,10.33,North,Petrol
9f7c0483-6214-4e0d-81db-8d090f1599fd,Vehicle-Demo-123,2024-11-16T02:25:41.900099,-5.829257598812666,101.20167194058,58.61,Southeast,Electric
f7b4bb47-ca81-4ba8-842f-24ff2143f1d5,Vehicle-Demo-123,2024-11-16T02:26:18.900099,-6.119194927270065,101.35190948676863,87.21,Southeast,Hybrid
1d2e51b8-816d-4e7e-ac70-9fce770312cf,Vehicle-Demo-123,2024-11-16T02:27:12.900099,-6.409183965540872,101.50159352855204,72.84,Southeast,Diesel
7bf6e8dd-ce50-427b-9d6c-a0631dd56675,Vehicle-Demo-123,2024-11-16T02:28:10.900099,-6.699113967162354,101.65162417519456,99.03,South,Diesel
0d42e9ef-7f9d-4057-9a51-3b40cc18c486,Vehicle-Demo-123,2024-11-16T02:28:44.900099,-6.9888386262910345,101.80145318307558,80.74,Northeast,Hybrid
9ca89bed-fae1-475b-9df1-44114cc3e52d,Vehicle-Demo-123,2024-11-16T02:29:37.900099,-7.278927971055243,101.95155040801102,17.35,Northeast,Electric
732265b7-ac8f-40ab-83fd-c5fba7b381d0,Vehicle-Demo-123,2024-11-16T02:30:22.900099,-7.568795675412621,102.10128793741724,81.25,Northeast,Diesel
ba3999d7-5e2d-453b-a122-0d5e078f806d,Vehicle-Demo-123,2024-11-16T02:30:53.900099,-7.85889656104721,102.25081939978183,110.92,Northwest,Petrol
6a927579-eb7d-4450-a351-6c4b55000d0e,Vehicle-Demo-123,2024-11-16T02:31:46.900099,-8.148782156397639,102.40059831944717,13.65,Southeast,Diesel
04fc2a61-2cd8-49b9-864b-dbd86843c1ed,Vehicle-Demo-123,2024-11-16T02:32:23.900099,-8.438295275967747,102.55072084087868,45.64,Northeast,Diesel
f4fd71f7-2077-43ca-8bc6-0281a547068d,Vehicle-Demo-123,2024-11-16T02:33:17.900099,-8.728418245766333,102.70099573665549,69.08,Northeast,Diesel
6fec4919-c855-4e0e-9ec7-b47dd259060b,Vehicle-Demo-123,2024-11-16T02:34:16.900099,-9.018097330118707,102.85107032009465,41.78,Northeast,Hybrid
c6628c54-bd98-4b38-b3de-8304506f30b6,Vehicle-Demo-123,2024-11-16T02:35:05.900099,-9.308527886282864,103.00133626917578,81.58,Northeast,Diesel
864855f0-6cc0-45cd-8bc7-f99fae122dac,Vehicle-Demo-123,2024-11-16T02:35:49.900099,-9.598861807831712,103.15132333372853,101.34,East,Petrol
ebfc4e7e-aaa1-4885-a964-40e85ab6b8df,Vehicle-Demo-123,2024-11-16T02:36:47.900099,-9.88868200636512,103.30175164329368,23.74,Northwest,Electric
5b975c1a-411a-4a8a-b3d6-2dd7be34e631,Vehicle-Demo-123,2024-11-16T02:37:37.900099,-10.178874651016397,103.45157688309874,60.55,East,Electric
a7e7bc6f-689f-41ec-b551-946eea5bc49f,Vehicle-Demo-123,2024-11-16T02:38:19.900099,-10.469193267143286,103.60133383531836,63.15,West,Petrol
ee1d8bc9-8e93-41a5-aa02-feaafc75f626,Vehicle-Demo-123,2024-11-16T02:39:04.900099,-10.758958806070046,103.75112258268004,109.12,Southwest,Diesel
7f423cac-1f45-47c4-8dec-8e4f4d6e5929,Vehicle-Demo-123,2024-11-16T02:39:56.900099,-11.048546196286821,103.9014669064198,119.96,North,Electric
9b1da986-ae99-4c34-891b-c4b8241979be,Vehicle-Demo-123,2024-11-16T02:40:52.900099,-11.338879515731863,104.05131388053263,71.87,North,Electric
0067a9e6-5307-4a3e-b86f-b72e8119d16b,Vehicle-Demo-123,2024-11-16T02:41:36.900099,-11.62878036435331,104.20164369953059,68.07,Northeast,Electric
bbc550c9-e057-47af-8156-9c2093f99f6b,Vehicle-Demo-123,2024-11-16T02:42:29.900099,-11.918838598101916,104.35138545537691,77.1,Northeast,Petrol
6d76c9aa-1c86-40de-8006-7e053b64ed9b,Vehicle-Demo-123,2024-11-16T02:43:19.900099,-12.209008404489694,104.50146443457967,59.45,Southeast,Petrol
148ae884-6c29-4381-8f87-ccae8b2f737f,Vehicle-Demo-123,2024-11-16T02:44:02.900099,-12.498495579374131,104.65113749645162,55.89,West,Petrol
4a3746c3-69ad-4b45-a5e5-ef2ff0f21427,Vehicle-Demo-123,2024-11-16T02:44:41.900099,-12.78796438906506,104.80068147562866,78.35,East,Hybrid
7769dd3b-249d-4e54-ae40-b4aeb2829b43,Vehicle-Demo-123,2024-11-16T02:45:35.900099,-13.078388763093441,104.95061815666122,24.94,North,Petrol
e332859b-c49c-438a-9999-ea149d42a69e,Vehicle-Demo-123,2024-11-16T02:46:10.900099,-13.36824874983276,105.10051932159108,20.21,Southeast,Electric
edd0cf2c-462d-4516-9232-aaa94d26610d,Vehicle-Demo-123,2024-11-16T02:46:47.900099,-13.657707144504458,105.25038409535418,52.24,South,Electric
89d2da77-0528-4fb3-892a-0f215ada342d,Vehicle-Demo-123,2024-11-16T02:47:33.900099,-13.947672836365271,105.40051044179702,54.47,Southeast,Petrol
2eac03f4-d255-4619-b107-d16ea8effff1,Vehicle-Demo-123,2024-11-16T02:48:22.900099,-14.237641354670222,105.55003329782456,22.07,Southwest,Electric
14483aee-c558-4ef2-bd0e-104335928fa0,Vehicle-Demo-123,2024-11-16T02:49:05.900099,-14.527614037252286,105.6995934130975,35.87,West,Electric
e52ad465-77f4-46f8-8120-f615ebc3e3bf,Vehicle-Demo-123,2024-11-16T02:49:59.900099,-14.817551219267102,105.84917415112672,54.82,Southeast,Hybrid
c617956d-b896-420b-a583-ff046ba2e9de,Vehicle-Demo-123,2024-11-16T02:50:43.900099,-15.107489807488896,105.99949715339554,44.9,South,Diesel
c31bcca8-5133-4244-af89-c879457d2d97,Vehicle-Demo-123,2024-11-16T02:51:43.900099,-15.397475988277503,106.14989651741995,110.55,East,Hybrid
14bfa59d-a340-48e2-a296-29680a723df6,Vehicle-Demo-123,2024-11-16T02:52:13.900099,-15.687727508843535,106.29976644547676,10.02,Southeast,Electric
c6504bdf-fd4f-4200-82a0-72703a0077e0,Vehicle-Demo-123,2024-11-16T02:52:53.900099,-15.977753562583253,106.45009110669153,37.36,West,Diesel
347408f2-af7b-4dc7-a4ab-08269272a519,Vehicle-Demo-123,2024-11-16T02:53:36.900099,-16.268004098538114,106.6003881867379,23.97,East,Petrol
43a1ed37-e1b4-4d54-a673-b2473679577d,Vehicle-Demo-123,2024-11-16T02:54:18.900099,-16.558339786804925,106.750255085868,114.17,North,Hybrid
f224b8c9-0963-4baf-95bc-c91e3b60821a,Vehicle-Demo-123,2024-11-16T02:54:53.900099,-16.848321542661424,106.90002504450372,49.59,North,Petrol
73fc096a-71e2-416b-9a9c-f8b2549f9930,Vehicle-Demo-123,2024-11-16T02:55:42.900099,-17.13850325548738,107.04971719051584,50.97,North,Diesel
e0e232ba-734f-4373-bfd9-12c02004d99b,Vehicle-Demo-123,2024-11-16T02:56:21.900099,-17.428816984401333,107.19957064261502,84.81,West,Petrol
4ec6ad80-de56-4128-8839-0227116322e6,Vehicle-Demo-123,2024-11-16T02:56:52.900099,-17.718333978059594,107.34922403871388,29.87,Southeast,Electric
eb69da82-a054-4690-83e6-c1c30a475c24,Vehicle-Demo-123,2024-11-16T02:57:49.900099,-18.008021387132125,107.49915443792825,69.72,Southwest,Diesel
04a2af61-dbe7-4db4-b5f5-840844697d75,Vehicle-Demo-123,2024-11-16T02:58:23.900099,-18.29798096385933,107.6491250382768,72.96,Southwest,Petrol
2dd987f5-9589-4066-bc42-39c349079169,Vehicle-Demo-123,2024-11-16T02:59:05.900099,-18.588071534376567,107.79916513185991,103.9,South,Diesel
c352db73-cf7a-4c19-89e9-ee8d4f8508ee,Vehicle-Demo-123,2024-11-16T02:59:54.900099,-18.878443883980264,107.94875725303687,76.5,South,Electric
f5b70c84-aa88-4bb4-b26f-129f52e7513d,Vehicle-Demo-123,2024-11-16T03:00:45.900099,-19.167976580075276,108.09876942430179,106.68,West,Diesel
e787f9e1-860d-4d51-a372-827794e4fd2d,Vehicle-Demo-123,2024-11-16T03:01:36.900099,-19.458256725330713,108.24830822063085,15.93,South,Petrol
b73fa437-3695-483d-8e0d-f9275476c35d,Vehicle-Demo-123,2024-11-16T03:02:17.900099,-19.74841088532207,108.39847832216039,52.72,Southeast,Electric
65eaa27b-5ae7-4874-8524-1f8ee7ab1016,Vehicle-Demo-123,2024-11-16T03:02:52.900099,-20.03805620248337,108.54846395608652,48.09,Northeast,Diesel
a62f6fac-6a46-40d4-9319-6169173da688,Vehicle-Demo-123,2024-11-16T03:03:32.900099,-20.32802453834332,108.69827227236716,33.29,East,Hybrid
319b6374-1f53-4de3-926e-632bc7c26b32,Vehicle-Demo-123,2024-11-16T03:04:26.900099,-20.618239676283242,108.84843203295561,21.52,North,Electric
2cf7f583-a7c2-427d-af92-aeb04d4a4e3a,Vehicle-Demo-123,2024-11-16T03:05:09.900099,-20.90812153027939,108.99875294188134,117.29,Southeast,Petrol
4ee5ebb1-9196-4cac-bc19-4ee2a0387aa6,Vehicle-Demo-123,2024-11-16T03:05:50.900099,-21.197901581964114,109.14834612675851,119.36,Northeast,Electric
f8c2d1cc-8801-4542-8540-376f9ca6d31e,Vehicle-Demo-123,2024-11-16T03:06:20.900099,-21.48799762099376,109.29805146044697,88.11,Northeast,Electric
76c7c772-3174-40c6-bfd0-0a5d83443db1,Vehicle-Demo-123,2024-11-16T03:06:50.900099,-21.77748504681727,109.44788257703182,29.18,West,Electric
4799b18a-b840-4215-b398-604072fd070c,Vehicle-Demo-123,2024-11-16T03:07:39.900099,-22.067647793820445,109.5974782739261,90.99,West,Electric
1a62ad69-2536-4abf-ab30-03d8da008b4c,Vehicle-Demo-123,2024-11-16T03:08:27.900099,-22.3573787250071,109.74712566335948,55.9,Northeast,Petrol
7aa63da5-00fd-4844-9735-6888f126df2f,Vehicle-Demo-123,2024-11-16T03:09:05.900099,-22.64755061657632,109.8975558118587,61.02,Northwest,Electric
ee81c917-5cb9-4164-9f5a-f207278774cd,Vehicle-Demo-123,2024-11-16T03:09:52.900099,-22.937558921748643,110.04724313709245,60.48,West,Diesel
a795786d-d6b9-4116-a631-c2ed2bcdeb4f,Vehicle-Demo-123,2024-11-16T03:10:36.900099,-23.22724567305845,110.1972827273524,105.4,Northeast,Petrol
62e4c58b-8182-41b8-8bda-3cc26ccbecac,Vehicle-Demo-123,2024-11-16T03:11:20.900099,-23.517610731952903,110.34680690740849,33.51,North,Diesel
7d85919b-eaba-4017-bf05-f50279d0f57e,Vehicle-Demo-123,2024-11-16T03:12:00.900099,-23.80769439116089,110.49661779957438,68.26,Northeast,Electric
d5f41e47-b820-4a6d-961d-95ac519d1b2c,Vehicle-Demo-123,2024-11-16T03:12:53.900099,-24.09789121710852,110.64684701028796,113.57,Northwest,Electric
8aa87eb8-1000-4c23-98bb-e67ea6101af5,Vehicle-Demo-123,2024-11-16T03:13:49.900099,-24.388063239692652,110.79651969859184,42.95,East,Diesel
bdb5dd77-2da3-4fa8-9009-7fb311c15b9b,Vehicle-Demo-123,2024-11-16T03:14:46.900099,-24.67824697341025,110.94697389455466,17.42,South,Hybrid
c72c3b1a-8151-4e62-b4f3-05bc1ccecb23,Vehicle-Demo-123,2024-11-16T03:15:19.900099,-24.967888853073987,111.0968695000589,57.3,South,Petrol
febdfa8a-190d-46c0-97fb-af48342b1d1b,Vehicle-Demo-123,2024-11-16T03:15:58.900099,-25.25833219125105,111.24681731961523,77.2,West,Electric
d3e45877-b259-40eb-8f42-c1bc67454a45,Vehicle-Demo-123,2024-11-16T03:16:29.900099,-25.5485380857221,111.3970470256705,106.68,West,Hybrid
06401d0f-6ed0-4fda-8180-96d615e7da70,Vehicle-Demo-123,2024-11-16T03:17:16.900099,-25.83818610579088,111.54697931915419,28.43,Northeast,Hybrid
be0e90dc-0db7-48e0-8b67-7391535a1920,Vehicle-Demo-123,2024-11-16T03:18:03.900099,-26.12795924519111,111.6965446974176,107.18,Southeast,Electric
91494958-e20e-4c59-b618-b38adc4d7b47,Vehicle-Demo-123,2024-11-16T03:18:44.900099,-26.4178642790322,111.84605889365376,84.76,South,Hybrid
e97e4370-5d7e-4b69-8b28-cace94e0ab0e,Vehicle-Demo-123,2024-11-16T03:19:22.900099,-26.70808622251029,111.99655187985606,42.98,Southwest,Diesel
25e6d517-3d63-4488-9601-aba52b2bfc27,Vehicle-Demo-123,2024-11-16T03:20:20.900099,-26.997811483035854,112.1460512904495,102.55,Southeast,Electric
c79e0e3f-b926-48ce-be22-032562a5fb18,Vehicle-Demo-123,2024-11-16T03:20:59.900099,-27.287447381383853,112.29599326151319,89.53,Northeast,Electric
bac0c167-26a7-44ef-8cbc-db061f9b03d1,Vehicle-Demo-123,2024-11-16T03:21:41.900099,-27.577227419215493,112.4458863784453,92.13,Northeast,Electric
d0b55f13-11dc-4892-b974-07fb16e833f0,Vehicle-Demo-123,2024-11-16T03:22:37.900099,-27.86700024718147,112.59548757422571,94.77,Southeast,Petrol
010785d6-edcb-4e71-8e4f-3b066fce9e54,Vehicle-Demo-123,2024-11-16T03:23:24.900099,-28.156814516059757,112.7456456459447,23.54,Southeast,Electric
5f88b12b-d22b-49f9-9573-a45fe086933a,Vehicle-Demo-123,2024-11-16T03:24:02.900099,-28.44629873718215,112.89607125175235,68.35,East,Petrol
e1da213b-a580-42f6-bd37-3332fd6178b2,Vehicle-Demo-123,2024-11-16T03:24:38.900099,-28.73651064393777,113.04632110131969,100.24,East,Diesel
b2925406-630b-4cb6-ba0e-728c1d75511c,Vehicle-Demo-123,2024-11-16T03:25:15.900099,-29.02635202804625,113.1962886192712,24.17,East,Diesel
5f34fbe5-5391-4aa9-a894-1bf028cd9abc,Vehicle-Demo-123,2024-11-16T03:26:09.900099,-29.315859059556697,113.34658920691855,56.56,South,Electric
5964f0ad-8e07-426c-9ac0-88627e299c0c,Vehicle-Demo-123,2024-11-16T03:27:02.900099,-29.605536892792298,113.49651020301424,104.21,North,Diesel
af59154a-7576-4f85-a06c-4e7e7a494020,Vehicle-Demo-123,2024-11-16T03:27:42.900099,-29.895755580350265,113.64615645817618,85.87,West,Petrol
041956e4-d20b-48bd-bd90-57c79aec972d,Vehicle-Demo-123,2024-11-16T03:28:28.900099,-30.186078720558704,113.79656623607507,116.19,North,Diesel
7ef93455-44d1-4ea6-970e-68b062971abe,Vehicle-Demo-123,2024-11-16T03:29:09.900099,-30.476041918394767,113.94627402656006,25.58,Northeast,Diesel
5070d92f-f62f-4790-8740-390525628d18,Vehicle-Demo-123,2024-11-16T03:30:02.900099,-30.765966148679215,114.09650664097663,107.22,North,Hybrid
8268e078-eb5a-4b5f-a85d-7b0b5e0de49b,Vehicle-Demo-123,2024-11-16T03:31:01.900099,-31.05550853311807,114.2468321830565,25.65,North,Hybrid
51b599f3-3797-4fb0-b325-5a34607f9f4a,Vehicle-Demo-123,2024-11-16T03:31:33.900099,-31.34502018377308,114.3970986308564,51.03,Northeast,Petrol
f16f0a92-ac78-45d1-9913-b41a5ae69c01,Vehicle-Demo-123,2024-11-16T03:32:07.900099,-31.634764713516642,114.54696332968923,48.58,West,Hybrid
32c7d649-c850-4681-896e-f57e843f38a9,Vehicle-Demo-123,2024-11-16T03:32:41.900099,-31.925115281896773,114.69653497648571,43.25,Southeast,Electric
50ea30ef-1da7-4335-b097-b1ede08eb7b7,Vehicle-Demo-123,2024-11-16T03:33:40.900099,-32.21526230848161,114.8468180089526,60.44,West,Hybrid
4e2d4c42-8838-4a7e-b07b-48c6a4d5ae97,Vehicle-Demo-123,2024-11-16T03:34:11.900099,-32.5056260934931,114.99713191234834,88.2,South,Electric
3e9d8554-350d-4ad6-811f-a6282881dccb,Vehicle-Demo-123,2024-11-16T03:34:54.900099,-32.79510107745891,115.14715852348367,43.87,Northeast,Electric
424a000a-3b7c-4edd-816e-ce0a45be5705,Vehicle-Demo-123,2024-11-16T03:35:26.900099,-33.08483423557903,115.29758910296475,91.66,Southeast,Electric
c028f604-5591-45fc-9bac-576a28832f12,Vehicle-Demo-123,2024-11-16T03:35:57.900099,-33.37447589099988,115.44797343650055,105.5,South,Hybrid
e7b57e06-f23f-4d72-9372-1a0c9e0a5699,Vehicle-Demo-123,2024-11-16T03:36:44.900099,-33.66477377342867,115.59806530803245,36.91,Southwest,Electric
694a2935-15e5-41a6-97a6-3a4eb79cffe0,Vehicle-Demo-123,2024-11-16T03:37:29.900099,-33.95452441025797,115.74772581085419,51.13,Northwest,Electric
b0116010-f9f0-4f47-8330-5e773f79df18,Vehicle-Demo-123,2024-11-16T03:38:01.900099,-34.24405880769222,115.89816649851655,17.76,Southeast,Hybrid
ab5a954d-4cd6-4dd3-b598-6b8eb8ab2732,Vehicle-Demo-123,2024-11-16T03:38:35.900099,-34.53424386861588,116.04848399862465,15.04,Southwest,Electric
e8446ff0-5cfa-4efe-8c0f-79cd1ce1a84a,Vehicle-Demo-123,2024-11-16T03:39:26.900099,-34.824126538456554,116.19841151754373,14.87,Northwest,Hybrid
abc677eb-6b9f-4ecb-b333-4207f8eb88de,Vehicle-Demo-123,2024-11-16T03:40:10.900099,-35.114137412109336,116.34824589324076,92.28,East,Hybrid
fcc8d1de-8a3b-491a-9b9e-e4a1f3251e9b,Vehicle-Demo-123,2024-11-16T03:41:00.900099,-35.403688381778764,116.49783003188197,44.46,East,Hybrid
af904ad6-c970-4ce7-8ab5-d71a5a28573a,Vehicle-Demo-123,2024-11-16T03:42:00.900099,-35.69349681053313,116.64786932217315,66.93,North,Diesel
b10861b4-5121-44af-9a8a-d63aa46a662f,Vehicle-Demo-123,2024-11-16T03:42:56.900099,-35.983172893669796,116.797494409677,114.4,Northwest,Petrol
0fa06dee-664b-49fa-adf0-150bacc68ac8,Vehicle-Demo-123,2024-11-16T03:43:30.900099,-36.27334492019161,116.94773287571172,21.21,Northeast,Petrol
465cd092-dd3a-4cbf-9443-0eae5d700534,Vehicle-Demo-123,2024-11-16T03:44:11.900099,-36.56370219160406,117.0974240026081,119.31,West,Petrol
08fc2564-e8d5-44f1-9898-9795725d5ed3,Vehicle-Demo-123,2024-11-16T03:44:48.900099,-36.853401849531885,117.24746142707322,28.57,North,Hybrid
38a43ecd-a9f0-476e-b677-d4fc7f87a2e2,Vehicle-Demo-123,2024-11-16T03:45:40.900099,-37.14301377661112,117.3977720467953,106.31,South,Diesel
7737f82c-6ba8-4c2c-b54c-75f8e207c8d8,Vehicle-Demo-123,2024-11-16T03:46:21.900099,-37.43292041498549,117.54729410456005,97.12,Northwest,Petrol
48a75a77-df15-4370-b6b3-1492dfcfb29b,Vehicle-Demo-123,2024-11-16T03:47:16.900099,-37.72294812380072,117.69726144443013,32.28,Northwest,Diesel
9d227054-c8c7-473a-9b71-fa4eb596d757,Vehicle-Demo-123,2024-11-16T03:47:46.900099,-38.01254837276735,117.84765148644536,18.75,South,Diesel
edc9b05a-43e9-417c-9543-7637d9ace282,Vehicle-Demo-123,2024-11-16T03:48:17.900099,-38.30280841050315,117.99729624681625,108.34,Southwest,Hybrid
0d37fea8-ed83-4bb7-a6ac-390f4de4214e,Vehicle-Demo-123,2024-11-16T03:49:00.900099,-38.592426728268165,118.14765847564713,18.48,Northeast,Hybrid
4e4b63ea-52c6-432c-ba6f-56c0cc329567,Vehicle-Demo-123,2024-11-16T03:49:45.900099,-38.88192370120066,118.29752742194287,41.37,Southwest,Electric
e1ba46ca-ea21-4bc5-abbe-aba1cc8b8b68,Vehicle-Demo-123,2024-11-16T03:50:45.900099,-39.17193721473346,118.44702396287752,84.5,North,Hybrid
944a0d92-3fbd-4c16-8e3b-62a573bb4ac4,Vehicle-Demo-123,2024-11-16T03:51:25.900099,-39.46140178619119,118.5968589094573,26.25,West,Diesel
b5b25cf2-f27b-4705-b76e-32611e33b22a,Vehicle-Demo-123,2024-11-16T03:52:10.900099,-39.750877346932036,118.74702193492699,106.61,North,Diesel
719fec42-5485-4ff0-947b-c241ea60ae87,Vehicle-Demo-123,2024-11-16T03:52:57.900099,-40.04050930871195,118.89749944658742,84.84,West,Electric
789ca7b5-eb46-4833-94e0-06dcfa731b6e,Vehicle-Demo-123,2024-11-16T03:53:46.900099,-40.33082807062733,119.04721660271173,30.97,Southwest,Electric
73d2e7f2-927c-4f0a-8550-8c65fdf45e76,Vehicle-Demo-123,2024-11-16T03:54:46.900099,-40.620699408070635,119.19754385656088,77.97,North,Diesel
bfc1fd85-e61a-4ba4-8d0f-5e312b6e316f,Vehicle-Demo-123,2024-11-16T03:55:32.900099,-40.910215075534275,119.34794569539616,61.41,Southeast,Electric
88e53798-3de1-44c4-963f-3634def11326,Vehicle-Demo-123,2024-11-16T03:56:07.900099,-41.19994165770448,119.49841839226445,70.22,South,Hybrid
7e41216f-65a8-4592-83bb-356c9d9b2b6b,Vehicle-Demo-123,2024-11-16T03:56:57.900099,-41.49029482205812,119.64865875105824,16.33,South,Hybrid
9e66d3b7-31aa-4840-a00d-a8944828519a,Vehicle-Demo-123,2024-11-16T03:57:43.900099,-41.78030858831891,119.79910345827813,49.85,Northwest,Petrol
10ea16eb-09dd-43e5-8d59-807e610c8c38,Vehicle-Demo-123,2024-11-16T03:58:34.900099,-42.07049639600453,119.94898170150192,111.22,Northeast,Hybrid
22b96fb3-ef06-4491-a1ed-e2cfe5c48bdc,Vehicle-Demo-123,2024-11-16T03:59:26.900099,-42.36007302183153,120.09942861406421,71.36,Northeast,Diesel
231ed85c-8723-47fb-8e92-69dc99d4c4c8,Vehicle-Demo-123,2024-11-16T04:00:16.900099,-42.65016496255953,120.24942380167745,39.8,Northwest,Petrol
2b77dd53-207f-4399-83b0-cc07b969d2b1,Vehicle-Demo-123,2024-11-16T04:00:49.900099,-42.940595933616784,120.39943138218473,16.15,South,Hybrid
ba572752-9510-47c1-9677-234593b9bd6c,Vehicle-Demo-123,2024-11-16T04:01:49.900099,-43.230659442541224,120.5494666721369,107.14,Northwest,Electric
51577a5e-a520-4758-af9b-e182c8f70d29,Vehicle-Demo-123,2024-11-16T04:02:36.900099,-43.52063799712035,120.6994929986154,106.75,Northwest,Hybrid
401eeac4-5dd0-4e8a-9a3d-3fb034f68632,Vehicle-Demo-123,2024-11-16T04:03:30.900099,-43.81086780867217,120.84941864397578,43.05,Southwest,Hybrid
d3267c4a-81db-46d5-84fc-dd9cdfbce72d,Vehicle-Demo-123,2024-11-16T04:04:17.900099,-44.100765929732084,120.99941474158642,66.69,Northeast,Diesel
f38d4d34-c677-47e4-9bb8-be3ce6a1b973,Vehicle-Demo-123,2024-11-16T04:04:53.900099,-44.39119564365408,121.14985363453384,70.99,Southwest,Petrol
7e3f1ce8-26c9-4a74-a15e-339344792d77,Vehicle-Demo-123,2024-11-16T04:05:32.900099,-44.68143052073129,121.30027195910695,70.2,Southwest,Hybrid
20ed7c8c-b8c3-49ca-b27f-38d5faf9c3e7,Vehicle-Demo-123,2024-11-16T04:06:27.900099,-44.97106689523294,121.45024843802416,49.34,Northwest,Electric
c1a1e006-5fdf-421d-8884-56e7479b0d19,Vehicle-Demo-123,2024-11-16T04:07:05.900099,-45.26074435455392,121.60047664141338,40.71,West,Electric
1a16d82a-5740-4baa-aec6-8a6ae1681303,Vehicle-Demo-123,2024-11-16T04:07:47.900099,-45.551186394784054,121.75017402299882,46.02,Northeast,Diesel
e6ccdca1-f187-4dc6-9816-c766edbbffa7,Vehicle-Demo-123,2024-11-16T04:08:34.900099,-45.84093843977136,121.90046781522969,119.1,West,Hybrid
6429cb66-5447-47e2-8035-2e9b3371173c,Vehicle-Demo-123,2024-11-16T04:09:14.900099,-46.130679773820454,122.05008774103949,71.39,Southwest,Hybrid
cd2ee322-d9b1-4f14-acc3-1f9a545f36b5,Vehicle-Demo-123,2024-11-16T04:09:48.900099,-46.42022385353517,122.19975024186144,85.17,Northeast,Electric
4a482d8a-ed31-4088-b4cd-57a0377b4804,Vehicle-Demo-123,2024-11-16T04:10:36.900099,-46.71030750046799,122.34997672709265,39.7,Southwest,Electric
28477cd0-4933-4cba-95db-4ac782c18b9b,Vehicle-Demo-123,2024-11-16T04:11:28.900099,-46.999864166055296,122.50042499496132,93.67,West,Electric
e1042e73-b75e-43ca-a7e8-a3c71ac80500,Vehicle-Demo-123,2024-11-16T04:12:07.900099,-47.28974378451917,122.64993442298527,24.48,Southeast,Electric
f4422b4b-9969-4453-be00-d5ffae718f9c,Vehicle-Demo-123,2024-11-16T04:12:43.900099,-47.57932949795752,122.79957353382028,80.38,East,Hybrid
49fc2297-c6c3-41d6-abd5-a6828a85066c,Vehicle-Demo-123,2024-11-16T04:13:43.900099,-47.86904680777908,122.94966403960107,96.02,Southeast,Hybrid
f466f7ee-ce10-4403-9278-1448075bdc5f,Vehicle-Demo-123,2024-11-16T04:14:28.900099,-48.15936432479548,123.09981999827042,65.59,North,Hybrid
b77eb1de-9405-4fe2-950f-f9c62ee63d0b,Vehicle-Demo-123,2024-11-16T04:15:00.900099,-48.449654161133004,123.2500446518597,89.3,East,Diesel
c08075c0-a3ef-4432-8ae4-1732b2c97d0a,Vehicle-Demo-123,2024-11-16T04:15:41.900099,-48.7394938330165,123.40026284868871,108.88,Northeast,Diesel
b4842579-41aa-49fe-a69a-ff6e1cf75afc,Vehicle-Demo-123,2024-11-16T04:16:12.900099,-49.02946443039997,123.55032599125417,97.72,Northwest,Diesel
80f07aaa-15bc-409d-bf9a-a986d91adac0,Vehicle-Demo-123,2024-11-16T04:16:57.900099,-49.319753945816394,123.70048468630037,18.8,South,Petrol
09332155-a68c-4a8a-89b1-e80c6dd0c439,Vehicle-Demo-123,2024-11-16T04:17:27.900099,-49.60975041490209,123.85050904507638,101.67,North,Petrol
081a44bc-1dfe-4c55-b010-3205fd8def74,Vehicle-Demo-123,2024-11-16T04:18:20.900099,-49.899403269136,124.00057438852053,114.56,North,Diesel
d0b7f11a-846a-4b98-831a-d5f466032b24,Vehicle-Demo-123,2024-11-15T23:59:54.258424,36.79417154781835,79.1499833993646,53.19,East,Electric
6ce5a30e-94f3-4246-9aae-efbdc9fc638c,Vehicle-Demo-123,2024-11-16T00:00:38.258424,36.50379546100075,79.29986332944988,82.5,Northeast,Electric
57c803d3-91b2-48a8-940c-3db24b5c192c,Vehicle-Demo-123,2024-11-16T00:01:14.258424,36.21397980528161,79.45032571105779,21.42,South,Electric
b7008769-c056-488d-9d73-2a181a401b5e,Vehicle-Demo-123,2024-11-16T00:03:11.831064,36.79430344106301,79.14989812866772,18.19,Northwest,Hybrid
2edd732a-5e5f-4569-bfdb-cb5830ba478b,Vehicle-Demo-123,2024-11-16T00:04:08.831064,36.504617049567784,79.29970166211334,20.8,Southeast,Hybrid
91ac456e-7136-4cbb-a562-ae1443f8bc1b,Vehicle-Demo-123,2024-11-16T00:04:41.831064,36.214584979452894,79.45007184798318,94.21,Northwest,Petrol
34f09a38-db70-4b18-bb69-967432941251,Vehicle-Demo-123,2024-11-16T00:05:17.831064,35.92436468912054,79.60047184277954,66.57,West,Hybrid
226ddf92-107f-48e1-81bf-9b9a5733eca2,Vehicle-Demo-123,2024-11-16T00:05:54.831064,35.634166002273815,79.75030664979232,95.12,Northwest,Electric
e4977389-ee6b-4c0b-927f-23f7c3fafcc3,Vehicle-Demo-123,2024-11-16T00:06:30.831064,35.34395377786378,79.90054562471273,17.5,Southwest,Hybrid
3e929f60-5726-47e2-a38c-513e046adb3a,Vehicle-Demo-123,2024-11-16T00:07:27.831064,35.05398977910877,80.05021251328044,31.69,Northeast,Electric
48087ccb-82ed-4c92-af5d-ceb2901f8350,Vehicle-Demo-123,2024-11-16T00:08:22.831064,34.76435090112508,80.19983107663846,89.2,West,Electric
214beabf-f9ce-481c-b0f1-110c0babd30e,Vehicle-Demo-123,2024-11-16T00:08:59.831064,34.474576896585475,80.34974785512061,63.36,West,Electric
7887e143-0a9b-40d5-bb5c-c4f64b477cd4,Vehicle-Demo-123,2024-11-16T00:09:41.831064,34.18445260344834,80.49981022851307,27.24,Southeast,Electric
a9c04cb2-fdff-44f2-94c7-b36930bef8cd,Vehicle-Demo-123,2024-11-16T00:10:39.831064,33.89439148962728,80.64956899377124,106.36,Northwest,Diesel
98c83248-325c-42f7-9304-6d61dba29861,Vehicle-Demo-123,2024-11-16T00:11:15.831064,33.60396975190124,80.79914052689661,83.84,Southeast,Diesel
e1da624d-02df-4ee8-a4f1-ecd7e887f22f,Vehicle-Demo-123,2024-11-16T00:12:13.831064,33.31356024778784,80.94920781837261,30.22,North,Diesel
a3a83838-b34b-46c4-bc14-90a1d1235f04,Vehicle-Demo-123,2024-11-16T00:12:51.831064,33.023357936485944,81.09917392494904,106.94,North,Electric
f98a685a-24f2-41de-85a8-a9f5589c0cde,Vehicle-Demo-123,2024-11-16T00:13:49.831064,32.73300717139978,81.24879973506843,70.37,East,Petrol
a1f18055-b250-498a-b7e5-a84f712ebb06,Vehicle-Demo-123,2024-11-16T00:14:48.831064,32.443472625156126,81.3992256380338,25.36,Southeast,Petrol
639af92d-565d-4359-8595-36152551b446,Vehicle-Demo-123,2024-11-16T00:15:39.831064,32.15310383668556,81.54888597677929,115.35,South,Petrol
9345acd6-f46c-4ee9-8ff2-723e1b00181a,Vehicle-Demo-123,2024-11-16T00:16:15.831064,31.863257191984253,81.69840509903617,112.2,West,Electric
502df2b9-4124-475b-a557-81480f139cb8,Vehicle-Demo-123,2024-11-16T00:16:48.831064,31.572834446787166,81.84859734245826,99.9,Southwest,Hybrid
205ec5d9-95cb-46fb-abd1-4251f2dc6ac3,Vehicle-Demo-123,2024-11-16T00:17:19.831064,31.2829484680026,81.99815225021766,105.8,Southeast,Diesel
cdf088ce-e021-434c-ba72-3a1520888709,Vehicle-Demo-123,2024-11-16T00:17:58.831064,30.992527452055054,82.14839833602272,116.27,Southwest,Diesel
425ff3c7-c4eb-465b-9f84-f05010acd8a5,Vehicle-Demo-123,2024-11-16T00:18:35.831064,30.702281794112796,82.29823810937127,39.42,Southwest,Petrol
2ab79457-95c2-4d8f-a950-7c1bf4b6d6e4,Vehicle-Demo-123,2024-11-16T00:19:30.831064,30.412262422226288,82.4482762616654,90.8,Northeast,Hybrid
358a9ef7-ecaa-4771-a71c-87dffdb705ec,Vehicle-Demo-123,2024-11-16T00:20:08.831064,30.122386709794654,82.59873587995956,53.45,West,Hybrid
82603996-4eeb-4073-ac18-fdc2c890b0cc,Vehicle-Demo-123,2024-11-16T00:20:56.831064,29.83219299704721,82.74889933952588,26.35,South,Electric
408e3d0b-9e00-4307-b778-eb99fbe842eb,Vehicle-Demo-123,2024-11-16T00:21:43.831064,29.54252040461919,82.8990416766212,111.39,Southeast,Hybrid
a40bb6ec-a99f-499f-bd92-bb7afa9487bf,Vehicle-Demo-123,2024-11-16T00:22:41.831064,29.25287765312308,83.04885073168552,64.9,South,Electric
3883316f-a3ea-4e75-9e91-c17198c7698a,Vehicle-Demo-123,2024-11-16T00:23:38.831064,28.962636088399947,83.19933410312439,98.59,North,Petrol
b3b500b4-fa16-414a-ac24-db2bc7bdfc80,Vehicle-Demo-123,2024-11-16T00:24:37.831064,28.67243155839532,83.34934741719593,90.14,West,Electric
55979f33-3162-4864-9947-a8a124ea822a,Vehicle-Demo-123,2024-11-16T00:25:22.831064,28.382545125085024,83.49900868591807,75.9,South,Diesel
42e7c2a9-c903-46f2-806c-42bc09da1a7c,Vehicle-Demo-123,2024-11-16T00:26:11.831064,28.092326454692955,83.64927222591389,27.28,East,Diesel
714b7d9b-0013-4e4d-a41b-8117f2096c15,Vehicle-Demo-123,2024-11-16T00:26:57.831064,27.80283590355352,83.79974818644632,79.12,Northwest,Petrol
0a78e096-2305-42dc-8651-ad5072f5f4cc,Vehicle-Demo-123,2024-11-16T00:27:56.831064,27.513039317214997,83.94971985054676,23.89,East,Petrol
62c43621-7959-486b-a76f-aae277675383,Vehicle-Demo-123,2024-11-16T00:28:51.831064,27.223303986472942,84.09981221864692,85.2,Southeast,Electric
ac61c834-975c-4768-967a-7e3b666e0b55,Vehicle-Demo-123,2024-11-16T00:29:24.831064,26.933171211096713,84.24953440113356,28.56,Northwest,Hybrid
76e1e82c-cd14-442c-855c-8cc33c23f5d4,Vehicle-Demo-123,2024-11-16T00:30:01.831064,26.643654012859624,84.39927820878229,93.12,Northeast,Hybrid
87c3004a-a4f3-4c58-9206-5be93a1b235d,Vehicle-Demo-123,2024-11-16T00:30:57.831064,26.35412479793468,84.54947377073371,54.05,East,Petrol
9c4327d4-9576-41e4-bb30-ee6e3e9f1817,Vehicle-Demo-123,2024-11-16T00:31:41.831064,26.064158711400843,84.6991827953698,28.58,Southwest,Electric
e379a893-4c7b-4a20-a45e-e82c3c86557f,Vehicle-Demo-123,2024-11-16T00:32:30.831064,25.77409157149473,84.84930347767967,53.2,Southwest,Electric
2e2d4127-ef40-4430-9d1e-8e83bfb9369d,Vehicle-Demo-123,2024-11-16T00:33:22.831064,25.484560583144532,84.99957962625973,59.34,South,Diesel
2b682d06-ca7c-4033-a1c3-747c6171aa41,Vehicle-Demo-123,2024-11-16T00:34:03.831064,25.19435266068413,85.1498743142171,44.0,South,Diesel
ca94592b-4c7e-4b52-bf34-a67db54a3acc,Vehicle-Demo-123,2024-11-16T00:35:01.831064,24.903916876376123,85.300219385783,118.31,West,Electric
9569aead-8e71-40f3-abd2-2dbfa0e83f54,Vehicle-Demo-123,2024-11-16T00:35:50.831064,24.61362517528371,85.45039398296312,45.38,West,Hybrid
58674334-73ef-48ef-8809-526befaffde1,Vehicle-Demo-123,2024-11-16T00:36:40.831064,24.32401125478028,85.60087485035953,105.38,Northwest,Diesel
d1fac0ac-0c46-4d59-abf1-546b4e680ad3,Vehicle-Demo-123,2024-11-16T00:37:25.831064,24.034313148631323,85.75107186554692,60.38,South,Electric
618f55a3-f583-49f8-88f7-93acae0ec4d9,Vehicle-Demo-123,2024-11-16T00:38:15.831064,23.744472105941085,85.90107916599457,110.44,West,Diesel
7c14cd5c-7673-4796-9f7b-838846c95552,Vehicle-Demo-123,2024-11-16T00:38:52.831064,23.454233855077042,86.0509284152866,96.46,South,Hybrid
c7ddd04a-165d-4b7e-b7d1-7b080f0101a2,Vehicle-Demo-123,2024-11-16T00:39:31.831064,23.164273449668784,86.2004821116428,38.64,East,Petrol
ac8037ad-2b5d-47d1-b4e4-60c1fd2ee4d2,Vehicle-Demo-123,2024-11-16T00:40:10.831064,22.87445852672394,86.35094889367457,64.26,East,Diesel
daccb1f9-a6c6-4c13-bdab-a6c7a51d216a,Vehicle-Demo-123,2024-11-16T00:41:04.831064,22.584640657887004,86.50116175556433,64.59,North,Hybrid
d6dcebc4-c869-4841-b850-48d63214313e,Vehicle-Demo-123,2024-11-16T00:42:02.831064,22.294818456880638,86.65154629442789,104.92,Southwest,Diesel
db43a36c-4f16-488c-a340-c5c4d584440d,Vehicle-Demo-123,2024-11-16T00:43:00.831064,22.0043632230714,86.80164757036987,43.73,Northwest,Petrol
cb54ccef-8e57-4eca-9794-1a7964e19e7f,Vehicle-Demo-123,2024-11-16T00:43:52.831064,21.714635789691847,86.95153795925148,111.21,Southeast,Hybrid
ddd600d2-b0d0-4586-94df-8d9f4160470b,Vehicle-Demo-123,2024-11-16T00:44:40.831064,21.424180506593522,87.10127632004841,16.6,North,Petrol
95a21c6c-1224-470a-a91b-2c9513a4ff73,Vehicle-Demo-123,2024-11-16T00:45:18.831064,21.134108726930698,87.2511689262419,90.27,Southeast,Hybrid
f5eabd50-6f32-423b-bf56-9a1fea0784d5,Vehicle-Demo-123,2024-11-16T00:46:07.831064,20.843762590148184,87.40142821088314,77.05,Northeast,Petrol
a9cc6236-c7f7-4ee6-963c-49cd879e689c,Vehicle-Demo-123,2024-11-16T00:46:43.831064,20.554250335331222,87.55111269506058,53.04,Southwest,Hybrid
29f82bac-77bf-471c-a743-1de02bc389b6,Vehicle-Demo-123,2024-11-16T00:47:22.831064,20.264717274610746,87.70074369382809,97.29,East,Hybrid
f30173d4-669a-4211-afbc-6feab37b328c,Vehicle-Demo-123,2024-11-16T00:48:13.831064,19.97453777725755,87.85051113532079,101.45,West,Hybrid
b3f93c52-bc66-4f67-9f26-a5cfce93c05a,Vehicle-Demo-123,2024-11-16T00:48:53.831064,19.68426361516914,88.00046402645332,57.86,Southeast,Electric
c2997aa8-36c9-44af-b3a9-02c5a94deac1,Vehicle-Demo-123,2024-11-16T00:49:38.831064,19.39425089707673,88.1503486378182,28.54,South,Hybrid
76144799-a30a-4f78-934b-a798ed231ca7,Vehicle-Demo-123,2024-11-16T00:50:17.831064,19.104509435423523,88.30060814443496,101.6,Northeast,Hybrid
d0005904-4edf-41a7-b0f8-676921ed1381,Vehicle-Demo-123,2024-11-16T00:51:11.831064,18.81417253601239,88.45079810692675,110.04,West,Electric
ff692c96-5c50-42c1-98e1-f09f1be61109,Vehicle-Demo-123,2024-11-16T00:51:56.831064,18.52422992309932,88.60077209488858,93.63,West,Hybrid
c2627223-f011-40fa-b6ba-6157c5eef9d5,Vehicle-Demo-123,2024-11-16T00:52:36.831064,18.234747940274058,88.75045256030394,112.37,Northwest,Hybrid
1cf0865b-5637-4a1e-8d74-2e7a4a76a0b2,Vehicle-Demo-123,2024-11-16T00:53:32.831064,17.945180243648828,88.9004939945058,81.56,Southeast,Petrol
c1e02375-89c9-41b0-8812-77be0c6b141a,Vehicle-Demo-123,2024-11-16T00:54:12.831064,17.654898792025136,89.05031038100047,73.15,West,Diesel
69a31d51-9dec-46a5-bc5c-a7ad37779236,Vehicle-Demo-123,2024-11-16T00:54:57.831064,17.365322990195306,89.20074770793893,71.61,North,Petrol
af33895d-cb8b-46f7-be3b-2241895d8770,Vehicle-Demo-123,2024-11-16T00:55:28.831064,17.075046986071307,89.35063040019736,16.97,Northeast,Hybrid
7d16e02f-4b72-468a-9a69-59dade4daeeb,Vehicle-Demo-123,2024-11-16T00:56:11.831064,16.785555222546044,89.50027125851024,79.92,North,Diesel
f05b1a7b-699b-40ab-9d21-c7f7eb0a8247,Vehicle-Demo-123,2024-11-16T00:56:57.831064,16.49557824632283,89.650637087948,59.72,Northwest,Electric
d83d5b66-8bf5-4f3f-ae7e-98279d1c3738,Vehicle-Demo-123,2024-11-16T00:57:34.831064,16.205908016049882,89.80021330829801,16.01,Southwest,Diesel
f08a480f-0236-45ee-a6ca-c29568128330,Vehicle-Demo-123,2024-11-16T00:58:21.831064,15.915671934677764,89.9497954996938,21.29,East,Electric
28cacf9e-c74b-4387-985b-5dd912ad07d1,Vehicle-Demo-123,2024-11-16T00:59:09.831064,15.625976321777937,90.09982664399544,59.15,West,Hybrid
59e56c56-a7a2-4324-8708-03014296e6ad,Vehicle-Demo-123,2024-11-16T00:59:48.831064,15.335970193866657,90.25020388116847,114.78,West,Hybrid
c0a76e45-4f99-44b1-a087-f8638c0bc7c9,Vehicle-Demo-123,2024-11-16T01:00:32.831064,15.046008511904201,90.40012050548198,108.85,Southeast,Electric
63b15c59-4dc2-440c-b88d-a6112a820318,Vehicle-Demo-123,2024-11-16T01:01:20.831064,14.755958872797102,90.54961701646184,48.93,Northwest,Diesel
f77f0b03-20bc-4aa7-8a91-d8c38eb5a7f7,Vehicle-Demo-123,2024-11-16T01:01:50.831064,14.46558165310477,90.6999007231329,25.31,Southwest,Hybrid
e6228b8f-9056-423b-acf4-5381bab188f9,Vehicle-Demo-123,2024-11-16T01:02:45.831064,14.175516155330808,90.85016308189503,35.8,South,Electric
69083dbe-1897-4ae6-ac39-bbd3fb6fd71a,Vehicle-Demo-123,2024-11-16T01:03:25.831064,13.885998146765607,91.00026475508122,12.35,Northeast,Hybrid
2a596df8-6854-4a59-ac55-643b31a3ae53,Vehicle-Demo-123,2024-11-16T01:04:22.831064,13.595983261821386,91.1500148539507,49.31,Northeast,Diesel
9f535edd-f514-4e63-b4fb-f086949d04f6,Vehicle-Demo-123,2024-11-16T01:05:06.831064,13.305598923545125,91.29995675421637,98.9,Northeast,Electric
4fef4c64-6924-49a3-8841-e6f579989a77,Vehicle-Demo-123,2024-11-16T01:05:56.831064,13.015628506553371,91.45030490169567,40.99,Northwest,Petrol
b18fd00d-dc0c-47e7-8ade-3d4ad490b0f1,Vehicle-Demo-123,2024-11-16T01:06:56.831064,12.7253920927949,91.60054630409059,84.13,South,Petrol
de730fb0-3d09-4e7b-8db4-f6fe7df4e6e2,Vehicle-Demo-123,2024-11-16T01:07:34.831064,12.435127524803129,91.75052385857823,46.93,South,Diesel
1495454d-90f1-49fd-b45b-adf8015ecda6,Vehicle-Demo-123,2024-11-16T01:08:16.831064,12.144968587751471,91.9008139236869,103.31,Northwest,Hybrid
1c081510-5a27-4a28-ada9-a5adca64bb13,Vehicle-Demo-123,2024-11-16T01:08:49.831064,11.854525929605881,92.05087379317494,16.84,Northeast,Diesel
bfc3a71e-62ee-45d8-a837-3d83781f083e,Vehicle-Demo-123,2024-11-16T01:09:25.831064,11.564637703036382,92.20099575101337,42.32,North,Hybrid
af80a7d3-b904-46c0-8207-0f1cf479dbd4,Vehicle-Demo-123,2024-11-16T01:10:13.831064,11.27485237400382,92.35078429257477,86.81,Southwest,Petrol
0f312f57-24be-445a-8f3f-26548dbea7f5,Vehicle-Demo-123,2024-11-16T01:11:12.831064,10.984477351221038,92.50093133891599,28.99,South,Hybrid
76d92ae7-5be5-4bf7-862b-7152f8ddb147,Vehicle-Demo-123,2024-11-16T01:11:59.831064,10.694926736421609,92.65128052269161,25.97,West,Electric
82cb23c6-2e0c-4732-8a6b-cc5cbe7aa958,Vehicle-Demo-123,2024-11-16T01:12:57.831064,10.404515811130153,92.80165950093443,86.19,South,Electric
c979b9f1-f9ca-4540-b883-8b201b07faa1,Vehicle-Demo-123,2024-11-16T01:13:39.831064,10.114715298939057,92.951862162136,112.61,Southeast,Petrol
cd9b6115-9a3a-4581-bc87-d8bf0d62c0c9,Vehicle-Demo-123,2024-11-16T01:14:38.831064,9.824667989150486,93.10153475643462,30.8,Southeast,Hybrid
57edc6ff-5ccd-4212-8554-376d2b5dc167,Vehicle-Demo-123,2024-11-16T01:15:27.831064,9.535078266642747,93.25172512648798,43.08,North,Electric
f44c8b93-e84b-4cf1-b3bb-945576b21527,Vehicle-Demo-123,2024-11-16T01:16:19.831064,9.245340367680411,93.40216488579826,23.98,East,Petrol
388c7a93-52cb-43a0-9be7-8a84bdc7ad1e,Vehicle-Demo-123,2024-11-16T01:17:09.831064,8.955838945927429,93.55220641133091,99.84,West,Diesel
0f6a2824-1ab4-4f7c-9eb6-7eed22de1be8,Vehicle-Demo-123,2024-11-16T01:18:03.831064,8.666028663635155,93.70172911697482,55.89,West,Petrol
68b469bf-4d73-47da-b6b1-542ca9cd5037,Vehicle-Demo-123,2024-11-16T01:18:37.831064,8.375861295578627,93.85130462474196,18.79,Southeast,Electric
529a5448-64e7-4587-8e85-c223d7414669,Vehicle-Demo-123,2024-11-16T01:19:17.831064,8.085688268841361,94.00166385297159,78.06,West,Petrol
706b6e49-9ee5-4ca0-984a-911597ccf3c6,Vehicle-Demo-123,2024-11-16T01:20:16.831064,7.795460233541533,94.15134148529681,67.78,Southeast,Electric
1e66928d-093b-465a-820d-9e77d1342634,Vehicle-Demo-123,2024-11-16T01:20:52.831064,7.505850974993796,94.30122614860954,49.94,East,Electric
ab3d3a43-270f-48e7-9421-fff66b8d2e88,Vehicle-Demo-123,2024-11-16T01:21:40.831064,7.216062160446602,94.45105059734622,15.0,North,Diesel
cd8793c5-9472-4050-8c4b-f57e8abcf296,Vehicle-Demo-123,2024-11-16T01:22:36.831064,6.926104433803001,94.6007990764285,43.26,Northwest,Hybrid
8f1126d7-0962-49a5-a261-4146dedaf034,Vehicle-Demo-123,2024-11-16T01:23:15.831064,6.63613680089657,94.75035075526512,103.48,South,Petrol
36eed894-925e-45a6-9679-f6d16d5e51de,Vehicle-Demo-123,2024-11-16T01:23:45.831064,6.346516822350444,94.90011809348105,104.38,North,Petrol
538d0d1c-9be6-4c6c-8a4b-aec431b38ae3,Vehicle-Demo-123,2024-11-16T01:24:29.831064,6.056367343866001,95.05045232096174,19.24,Northeast,Diesel
aa20d048-3b76-4004-bd6b-8caf898f4bae,Vehicle-Demo-123,2024-11-16T01:25:13.831064,5.766083777534762,95.20074178594696,90.25,South,Diesel
3be52de3-04ef-4433-b5d6-e51b4b8fc681,Vehicle-Demo-123,2024-11-16T01:25:43.831064,5.475783010765691,95.35037792280252,18.27,Southwest,Electric
db4b5630-523c-459b-89d4-c2d252dde37f,Vehicle-Demo-123,2024-11-16T01:26:42.831064,5.185553989128349,95.50056854363626,28.92,South,Diesel
fd23a54e-3c8f-47b9-b1a0-77bd055426d8,Vehicle-Demo-123,2024-11-16T01:27:27.831064,4.8952084551255535,95.65091410796022,19.66,East,Hybrid
9ccb6336-ffb4-494e-9f52-574bee7f8030,Vehicle-Demo-123,2024-11-16T01:28:17.831064,4.604806701715883,95.80082799655813,100.39,Northwest,Electric
7db7f936-749f-4b83-932a-b9384ff8754f,Vehicle-Demo-123,2024-11-16T01:28:53.831064,4.314473590112537,95.95072016110481,102.26,West,Hybrid
1c14f0b6-0070-4ad0-bd22-41147679914d,Vehicle-Demo-123,2024-11-16T01:29:26.831064,4.0242626839554,96.10120384654958,22.47,Northeast,Electric
de4f75f4-f9df-42b0-8f43-00ddbaf458a3,Vehicle-Demo-123,2024-11-16T01:30:07.831064,3.7346551503958465,96.25142772874784,89.1,Northeast,Diesel
052e877a-2c6f-4e15-9926-39fcacded0ec,Vehicle-Demo-123,2024-11-16T01:30:49.831064,3.444396652547222,96.40098138039532,115.51,Southwest,Petrol
e8840507-01fb-41ee-88c2-5010abb8c941,Vehicle-Demo-123,2024-11-16T01:31:19.831064,3.15430018699499,96.5513290027225,38.72,Southeast,Petrol
a8c4cae7-f4c8-4a07-b211-c1453f43c9c7,Vehicle-Demo-123,2024-11-16T01:31:54.831064,2.864521670891481,96.70122910152021,75.77,Southeast,Hybrid
d9bf816c-d804-404b-8788-3e768a7d22a4,Vehicle-Demo-123,2024-11-16T01:32:31.831064,2.57435601748491,96.85116064481012,116.94,South,Hybrid
674b5610-8be6-4a54-b7fd-d7432816731a,Vehicle-Demo-123,2024-11-16T01:33:03.831064,2.284222105311628,97.00078932283198,14.67,Southeast,Petrol
307dde62-e0d5-453d-8c85-eee92fe9eccb,Vehicle-Demo-123,2024-11-16T01:33:54.831064,1.9938111281463018,97.15070164447263,80.62,West,Diesel
386f0b20-3d26-4dfa-a622-5c4f85259d33,Vehicle-Demo-123,2024-11-16T01:34:41.831064,1.7037915590493111,97.30036832961736,56.01,East,Electric
431e3d91-1165-43fa-831c-2d00cc0c2edc,Vehicle-Demo-123,2024-11-16T01:35:26.831064,1.4136101381397823,97.45076574614686,51.39,Northeast,Diesel
51e1c60b-8546-4493-8c6c-8b8d922b83a7,Vehicle-Demo-123,2024-11-16T01:36:04.831064,1.1232609738082568,97.60105170326653,87.07,West,Petrol
841c3cfa-bce5-40d5-bd83-2b82b5eb1be0,Vehicle-Demo-123,2024-11-16T01:37:01.831064,0.8331382396453778,97.75110378661472,101.36,Northeast,Electric
8f44769e-924a-4cd7-8c56-d4d9ef417ff4,Vehicle-Demo-123,2024-11-16T01:37:39.831064,0.5431906383930599,97.90154789075152,32.47,Southwest,Electric
561b236f-549f-4b5a-a474-a3a6d6838b5e,Vehicle-Demo-123,2024-11-16T01:38:12.831064,0.25282712010195685,98.05120369580703,61.66,East,Petrol
e7b41989-9bf0-48ab-ae58-1ed1033073a2,Vehicle-Demo-123,2024-11-16T01:38:50.831064,-0.037161234019352396,98.20100895557347,20.38,South,Diesel
bbd9c8b2-901e-4752-9c98-c7de43ab7869,Vehicle-Demo-123,2024-11-16T01:39:38.831064,-0.3270485159093896,98.35134065424994,105.94,North,Diesel
400d2e57-51cb-4c8a-b189-07e25205e8ef,Vehicle-Demo-123,2024-11-16T01:40:33.831064,-0.6165352272534945,98.50133347214154,78.89,Southwest,Diesel
6ff76278-0b5f-4ab7-a8a3-61bdb8292287,Vehicle-Demo-123,2024-11-16T01:41:28.831064,-0.9060957009633278,98.65101693078083,100.76,North,Diesel
461d6dc4-8f50-473a-9661-fe4504399182,Vehicle-Demo-123,2024-11-16T01:42:20.831064,-1.1964823070063504,98.80087621495099,40.37,Southeast,Electric
98ae2df1-869d-4f99-a906-083a55771fb0,Vehicle-Demo-123,2024-11-16T01:43:16.831064,-1.4868840826394263,98.95082829650124,69.84,North,Petrol
5bee49ee-ddf2-4d07-91cb-82c89025e007,Vehicle-Demo-123,2024-11-16T01:44:13.831064,-1.777015336619402,99.10126242652854,88.56,Southwest,Electric
db1dcdc8-b7f4-47a7-8120-176e1f34d07b,Vehicle-Demo-123,2024-11-16T01:44:55.831064,-2.066498706943819,99.25091386205466,57.58,North,Hybrid
9857c8db-48c2-4e3c-a290-cf906fddee63,Vehicle-Demo-123,2024-11-16T01:45:35.831064,-2.3566223613402175,99.40047736479994,12.29,North,Diesel
04ceafa0-930b-4ffb-aa50-d695d6937a9c,Vehicle-Demo-123,2024-11-16T01:46:16.831064,-2.6465150278268528,99.55013851273587,104.19,East,Petrol
5b890f64-4f66-4646-aa50-e9c712669c51,Vehicle-Demo-123,2024-11-16T01:47:10.831064,-2.9365987919163614,99.70009696927691,117.28,Southeast,Hybrid
67960228-e11a-460d-b3f1-5559f3174ef6,Vehicle-Demo-123,2024-11-16T01:48:02.831064,-3.226917124864689,99.85036684738164,25.53,South,Electric
5ca0a3c0-bc20-4ebd-a109-b2c9f3d51a3c,Vehicle-Demo-123,2024-11-16T01:48:39.831064,-3.516704444009328,100.00020457262995,78.03,West,Petrol
83cfc020-fc11-4d2f-ab7a-ffacacd62b6c,Vehicle-Demo-123,2024-11-16T01:49:16.831064,-3.8066485229196423,100.14994463825164,59.38,West,Petrol
4224bcb1-2604-48df-8c7d-0a56184ad96c,Vehicle-Demo-123,2024-11-16T01:50:02.831064,-4.096635515460589,100.3001377317677,53.51,West,Diesel
ee43c444-bf1a-49c0-8429-ceec87e2ab1f,Vehicle-Demo-123,2024-11-16T01:50:38.831064,-4.386528363747196,100.45061083768444,116.23,Northwest,Hybrid
cd6c0ecb-7d96-41ec-ab3b-f5b7140a7e39,Vehicle-Demo-123,2024-11-16T01:51:34.831064,-4.676386089404487,100.60067968302424,49.93,East,Diesel
1eb4e7ef-2dad-4254-a7eb-3e1352913228,Vehicle-Demo-123,2024-11-16T01:52:12.831064,-4.966505368148467,100.75087260252354,20.14,South,Petrol
3a00873e-3b84-4691-9fa2-31b1fefe2fb0,Vehicle-Demo-123,2024-11-16T01:52:42.831064,-5.256383190372791,100.9010200821489,24.46,Northwest,Electric
91e9d276-598f-4fdf-a03a-e0c7baefdb82,Vehicle-Demo-123,2024-11-16T01:53:33.831064,-5.545851480038171,101.05117298008697,74.27,West,Electric
c09a99a0-1246-46d3-87bd-29f8e33b9d76,Vehicle-Demo-123,2024-11-16T01:54:15.831064,-5.8360142992756865,101.20107898982815,42.46,Northwest,Electric
b6208aea-3784-4d98-8d8a-54c17133d05d,Vehicle-Demo-123,2024-11-16T01:55:07.831064,-6.125971503265918,101.351002239656,47.68,Northeast,Diesel
70a75eeb-6d88-4a14-bd58-24573b09f50d,Vehicle-Demo-123,2024-11-16T01:55:51.831064,-6.415817278150413,101.50065476890623,109.16,South,Hybrid
908179ba-7e3c-4d7c-aadc-a753c294bf09,Vehicle-Demo-123,2024-11-16T01:56:33.831064,-6.705550168293409,101.65090191201504,101.07,Southeast,Electric
091099a9-8bed-4cba-8afe-e9215fc91af5,Vehicle-Demo-123,2024-11-16T01:57:28.831064,-6.995781703449728,101.80088834560931,24.23,Northwest,Petrol
5556cb6c-f480-4a0e-b575-ac9c23b8bf80,Vehicle-Demo-123,2024-11-16T01:58:06.831064,-7.285738789439804,101.95116785820022,96.92,Southeast,Electric
0ba90d02-dc67-4292-9b5d-fef4763b6ff8,Vehicle-Demo-123,2024-11-16T01:58:52.831064,-7.575790074966857,102.10090867206486,28.29,North,Diesel
df06a4b5-1c0e-4372-9434-831ee422afdf,Vehicle-Demo-123,2024-11-16T01:59:34.831064,-7.865386024142815,102.25100761930797,35.59,Southwest,Hybrid
31a5d18b-73db-4a09-962c-0c5c04e670fd,Vehicle-Demo-123,2024-11-16T02:00:16.831064,-8.155609959091077,102.40051111179869,64.07,East,Hybrid
b335943f-b5e1-460f-99c2-724bc5320da1,Vehicle-Demo-123,2024-11-16T02:00:52.831064,-8.446048520947356,102.55083734402017,111.35,West,Diesel
5579ef8f-6a07-46b1-b03c-624e4fd676b8,Vehicle-Demo-123,2024-11-16T02:01:43.831064,-8.736099569444793,102.70038011589065,69.03,Southwest,Diesel
04e5c793-ab1c-4b13-9c80-11814677c749,Vehicle-Demo-123,2024-11-16T02:02:29.831064,-9.025641448917114,102.85062918825612,107.98,Northwest,Diesel
39fba1f3-7f74-4108-a408-077bd7358674,Vehicle-Demo-123,2024-11-16T02:03:17.831064,-9.315435955743292,103.00095741438172,35.72,North,Petrol
31183e15-289d-44f1-b8b3-47889539969a,Vehicle-Demo-123,2024-11-16T02:04:10.831064,-9.605640030169758,103.15062539525205,71.15,Northeast,Electric
134c9666-b337-4075-b28a-ba25b5582095,Vehicle-Demo-123,2024-11-16T02:05:02.831064,-9.896077603957075,103.30059135482563,101.58,North,Petrol
c2faf287-7401-4b46-81bb-f5e82036d331,Vehicle-Demo-123,2024-11-16T02:05:38.831064,-10.18570288186266,103.45078871224088,35.49,Northwest,Electric
553a0052-3e06-4e18-a270-8a71b0655103,Vehicle-Demo-123,2024-11-16T02:06:22.831064,-10.475333543058847,103.60123103454407,95.26,East,Diesel
d9ef849f-3ff1-472d-86b1-2f1b1b9e3e88,Vehicle-Demo-123,2024-11-16T02:07:07.831064,-10.76557364604091,103.750999060401,47.0,East,Hybrid
195403c0-a3ac-40f8-a9a6-359dbdb3b2bb,Vehicle-Demo-123,2024-11-16T02:07:53.831064,-11.055549121290213,103.90072960908799,102.61,East,Petrol
4f6bebbb-305b-4bc0-9377-48168c535ca9,Vehicle-Demo-123,2024-11-16T02:08:46.831064,-11.345400106888695,104.05024253373978,27.92,Southeast,Electric
1f3544cb-2a81-415d-bd0f-f048f0d11f69,Vehicle-Demo-123,2024-11-16T02:09:24.831064,-11.635494682732514,104.19982021092206,80.17,Southeast,Diesel
c84507eb-6369-42e6-9537-481d048f8723,Vehicle-Demo-123,2024-11-16T02:10:08.831064,-11.925575036256124,104.34985781742986,52.81,Northwest,Diesel
016d7808-b91c-4c4a-abd9-9aa81549b56c,Vehicle-Demo-123,2024-11-16T02:10:42.831064,-12.215567896383037,104.49972475686837,96.69,South,Diesel
294f4ce3-2802-4ba8-b7eb-eca61508dfbc,Vehicle-Demo-123,2024-11-16T02:11:17.831064,-12.505477542308817,104.65011366702564,101.06,Southwest,Electric
5ebef249-0f54-4260-b822-a1ae9e5105af,Vehicle-Demo-123,2024-11-16T02:11:59.831064,-12.795885474535059,104.80048689181746,15.49,Northwest,Petrol
8c42bf26-34e5-4721-919f-60e70374162d,Vehicle-Demo-123,2024-11-16T02:12:36.831064,-13.085376308007763,104.95038534042521,28.53,Northwest,Electric
aa52efee-5fab-44b1-9112-674e2da0b862,Vehicle-Demo-123,2024-11-16T02:13:22.831064,-13.375520389093532,105.1003154640576,50.07,Northeast,Hybrid
05a5e06d-8a9e-462f-a6c1-e42e76f345b6,Vehicle-Demo-123,2024-11-16T02:13:59.831064,-13.665125574398461,105.2501349014909,22.85,East,Electric
27fc0967-9c38-453c-a0ba-fea5159f2fc9,Vehicle-Demo-123,2024-11-16T02:14:51.831064,-13.95467959677579,105.40061716017865,46.89,West,Electric
9e21590a-9246-438b-a8fd-f16f8bfd889d,Vehicle-Demo-123,2024-11-16T02:15:38.831064,-14.245099751534152,105.55034875602324,31.49,Southeast,Electric
c4ac5627-4228-49ef-9cae-5225a3ba2e03,Vehicle-Demo-123,2024-11-16T02:16:13.831064,-14.535114631118308,105.70002470999599,50.45,Southwest,Diesel
2c304f63-a195-4c39-8a43-6c7bc10f5642,Vehicle-Demo-123,2024-11-16T02:16:51.831064,-14.824768959968676,105.84961256410142,11.47,Northeast,Electric
da6be48e-e282-4a5d-b03b-2dee64cf3023,Vehicle-Demo-123,2024-11-16T02:17:49.831064,-15.114441825385931,105.99939539405493,44.36,Northwest,Petrol
382d7b67-bb79-47f4-90f6-79a796e3097a,Vehicle-Demo-123,2024-11-16T02:18:38.831064,-15.404086504178906,106.14973843246946,32.2,Northeast,Electric
923af2bc-cb1d-4ca2-9331-b31bc8dc49d5,Vehicle-Demo-123,2024-11-16T02:19:35.831064,-15.693965438693496,106.29964503958999,30.9,East,Hybrid
cec71fad-689f-46f1-936f-cab38518d7c2,Vehicle-Demo-123,2024-11-16T02:20:14.831064,-15.983906591645482,106.44937329822825,82.44,East,Petrol
ee1cdc38-d0dd-4596-8c36-36be59469ccc,Vehicle-Demo-123,2024-11-16T02:20:44.831064,-16.27431282994609,106.59937729959778,42.12,North,Electric
dd029c1f-1b99-4879-af52-f540818269d0,Vehicle-Demo-123,2024-11-16T02:21:22.831064,-16.56386440857755,106.74897115404934,112.99,North,Diesel
cf3f860c-e2ed-4660-a322-5a4b6d588268,Vehicle-Demo-123,2024-11-16T02:22:18.831064,-16.854195938571653,106.89903859167583,56.15,South,Diesel
027e931a-3b40-486c-8119-41cff0b6fa28,Vehicle-Demo-123,2024-11-16T02:23:05.831064,-17.143948226844703,107.04901836854852,63.3,West,Electric
bae51d7b-99d4-4ba5-aa58-4c526db66184,Vehicle-Demo-123,2024-11-16T02:24:01.831064,-17.434361564963382,107.1993497091279,58.4,Northeast,Petrol
ce002ecc-dd42-4a0e-b97e-b39edfae3cc4,Vehicle-Demo-123,2024-11-16T02:24:39.831064,-17.723928638332428,107.34953576510492,82.7,South,Petrol
864d0d40-1c94-419b-983e-3c587c033fbb,Vehicle-Demo-123,2024-11-16T02:25:24.831064,-18.01360216162398,107.49976724562377,80.59,West,Diesel
a52ec92a-6c70-4fa8-84d4-9ea3d169f0a0,Vehicle-Demo-123,2024-11-16T02:26:19.831064,-18.30330599106656,107.64976996719747,96.36,West,Diesel
b4466a79-3a06-4a14-beca-d217a91edf13,Vehicle-Demo-123,2024-11-16T02:27:12.831064,-18.593045931772604,107.79989061981499,81.6,Northwest,Electric
226697e5-747b-4377-801b-57bf36671be4,Vehicle-Demo-123,2024-11-16T02:27:58.831064,-18.883503457999044,107.94942642329488,115.84,Northwest,Petrol
19f13bb9-7b4d-4a8e-be5d-53cb0ac48537,Vehicle-Demo-123,2024-11-16T02:28:54.831064,-19.173078779789773,108.09914858999242,20.36,Northwest,Electric
2a8c0511-fa2e-473c-9ebf-43d018f61ec5,Vehicle-Demo-123,2024-11-16T02:29:46.831064,-19.463040396754003,108.24931148533601,46.18,Southeast,Petrol
6b9d2482-96aa-475a-b767-954146ba1ed7,Vehicle-Demo-123,2024-11-16T02:30:39.831064,-19.75343174782366,108.39907479236662,31.21,Southwest,Hybrid
f0d42f07-e095-485c-97b5-38d4735915a8,Vehicle-Demo-123,2024-11-16T02:31:33.831064,-20.043693901059765,108.548724765092,16.84,Northeast,Diesel
6aa15e31-a4f5-4655-b59b-a3d2349fe079,Vehicle-Demo-123,2024-11-16T02:32:32.831064,-20.33414821127045,108.69850797126487,117.08,Southeast,Electric
5e5c4356-8a9f-4c26-8b7d-4d9191958e5b,Vehicle-Demo-123,2024-11-16T02:33:13.831064,-20.624345901530074,108.84872409392295,79.7,South,Diesel
2f47d11e-4bf0-49d0-85e7-920fb35a386d,Vehicle-Demo-123,2024-11-16T02:33:47.831064,-20.914794591849457,108.99842436534222,89.05,South,Petrol
2f0219ce-10d1-4784-96ed-f94e23e0841b,Vehicle-Demo-123,2024-11-16T03:13:31.831064,-21.205044606806638,109.14885851125378,27.6,Southeast,Petrol
1048abde-bba9-47f6-a807-602600fb92d2,Vehicle-Demo-123,2024-11-16T03:14:14.831064,-21.494593306841633,109.29865377948441,114.87,West,Petrol
f6971f9d-e786-4fb2-b357-ff23760772fd,Vehicle-Demo-123,2024-11-16T03:15:07.831064,-21.78473332089439,109.44851058298401,112.32,West,Electric
029d6e40-d30c-490d-9759-718123f01610,Vehicle-Demo-123,2024-11-16T03:15:41.831064,-22.075073594503593,109.59846521985385,78.79,East,Electric
effa0094-aeed-4055-8c03-43d6c4fd4e66,Vehicle-Demo-123,2024-11-16T03:16:24.831064,-22.36486694434715,109.74828701628898,98.61,Northwest,Petrol
3575e26e-c2f1-4f99-981f-add343d9d16a,Vehicle-Demo-123,2024-11-16T03:17:01.831064,-22.65455057758279,109.89829002972218,92.2,Southwest,Hybrid
99fcdff7-1461-4dde-847c-bfb21cb917a9,Vehicle-Demo-123,2024-11-16T03:17:47.831064,-22.944608183066634,110.04826104030644,30.65,South,Electric
e6ba3039-f7eb-4bbe-a42f-bb3e0b9b666d,Vehicle-Demo-123,2024-11-16T03:18:35.831064,-23.234941670295754,110.19870379223632,99.72,West,Petrol
d1707a4e-b4f7-497c-b29b-7cb53ee87493,Vehicle-Demo-123,2024-11-16T03:19:17.831064,-23.525316995474153,110.34898322504604,76.91,Southwest,Electric
ef788c28-948e-494c-b547-c74f77462e3f,Vehicle-Demo-123,2024-11-16T03:19:59.831064,-23.814956155391585,110.498549527778,13.13,West,Hybrid
6f4ceec3-831d-45b1-8a54-2dc1bab00c42,Vehicle-Demo-123,2024-11-16T03:20:33.831064,-24.105033469841285,110.64830506536008,14.28,West,Diesel
79df76ec-ff26-498f-bd5d-241abdcde1a6,Vehicle-Demo-123,2024-11-16T03:21:31.831064,-24.394845271308476,110.79852090373319,89.47,West,Petrol
a57a53a1-6ce7-4e2f-a68b-fd4f40f0c958,Vehicle-Demo-123,2024-11-16T03:22:15.831064,-24.684346341011835,110.94816503937432,113.05,South,Electric
c4d9e633-4098-41b0-9c45-350dc28b08bc,Vehicle-Demo-123,2024-11-16T03:23:05.831064,-24.97385391810216,111.0983036775264,117.88,Northeast,Petrol
39c5adc0-c865-4e13-90f7-dfca3fbeb9d7,Vehicle-Demo-123,2024-11-16T03:23:56.831064,-25.263422395409755,111.24779977568456,11.55,Southeast,Diesel
54fe72fd-f37f-4f7c-9740-6441ff5121f0,Vehicle-Demo-123,2024-11-16T03:24:44.831064,-25.553221866691725,111.39732709762487,22.71,East,Diesel
6044084a-5df3-4c0f-a13a-572c65af9543,Vehicle-Demo-123,2024-11-16T03:25:42.831064,-25.843479449584812,111.54748681840746,16.22,Northwest,Diesel
ca7eb3b0-f873-4fae-8c4a-0cdfbf3a72c3,Vehicle-Demo-123,2024-11-16T03:26:29.831064,-26.133603612626793,111.6973091803988,81.72,Northwest,Diesel
12bdf0c4-1ff5-4c7f-918c-300f48a09806,Vehicle-Demo-123,2024-11-16T03:27:13.831064,-26.424041014800107,111.84736465992397,64.77,South,Diesel
cd04f44a-149d-49fb-8361-e9305b85006b,Vehicle-Demo-123,2024-11-16T03:27:50.831064,-26.713561570376317,111.99736539728299,75.41,Northeast,Diesel
da8ab8e7-9f30-4b37-9b3a-d22908d07295,Vehicle-Demo-123,2024-11-16T03:28:28.831064,-27.00305147865976,112.14732069058732,41.56,Northeast,Electric
08690851-597a-43a7-b321-78911cb5bbd2,Vehicle-Demo-123,2024-11-16T03:29:26.831064,-27.292743567754197,112.29748367101242,62.13,Southwest,Diesel
e1ecf2db-581f-4c91-975d-5e8271b5c5b2,Vehicle-Demo-123,2024-11-16T03:30:14.831064,-27.58282128041622,112.44772810234852,87.15,North,Diesel
ebb9ff12-39a0-438f-9528-db463302eead,Vehicle-Demo-123,2024-11-16T03:30:57.831064,-27.8728881158134,112.59759290831829,10.78,Southeast,Electric
3a6e820e-1939-4725-a80a-e54e392b4b57,Vehicle-Demo-123,2024-11-16T03:31:52.831064,-28.162392783477316,112.74794183734839,85.03,West,Electric
55c24a08-c829-440e-837a-941051592e7d,Vehicle-Demo-123,2024-11-16T03:32:51.831064,-28.451857484651093,112.89834021519408,66.26,Northwest,Electric
f6350c16-16e5-412d-bf57-430687939283,Vehicle-Demo-123,2024-11-16T03:33:21.831064,-28.741797057685606,113.04799849124348,28.48,Northeast,Electric
6577a66d-7fa6-4d67-9850-66dfc0c22e29,Vehicle-Demo-123,2024-11-16T03:34:02.831064,-29.031459982570848,113.19803060806687,109.67,West,Petrol
870ce3b6-afba-40e5-aaa4-b3c8e7b5b76a,Vehicle-Demo-123,2024-11-16T03:34:54.831064,-29.32116287289372,113.3476195275005,39.47,Southeast,Diesel
50026a89-b9e5-49a8-9bd7-9642c4ed0bfb,Vehicle-Demo-123,2024-11-16T03:35:36.831064,-29.610698403298866,113.49794857774793,48.19,South,Electric
e8dee515-acc7-408a-80b4-4f0aa6a4a891,Vehicle-Demo-123,2024-11-16T03:36:26.831064,-29.900496047712522,113.64813282335385,78.71,Northeast,Diesel
29061cd9-8a4c-4479-8ca8-f7b6ee02dcca,Vehicle-Demo-123,2024-11-16T03:37:22.831064,-30.190392963417743,113.7982886581922,90.7,Northwest,Diesel
53fcdadc-27c7-4d92-b0b3-8915e7ecb371,Vehicle-Demo-123,2024-11-16T03:37:57.831064,-30.480099051492854,113.94825330673574,111.59,South,Electric
34a47945-cc6c-4e06-a8a3-51d5f26a57bf,Vehicle-Demo-123,2024-11-16T03:38:57.831064,-30.77016377545023,114.09864284680494,37.28,Northeast,Diesel
424dfd58-f226-45f6-a2ff-7d47ab73da33,Vehicle-Demo-123,2024-11-16T03:39:46.831064,-31.06023692933644,114.249112095674,30.49,Southwest,Hybrid
f42befde-2bf7-4d64-8b96-92a8b7bd7db5,Vehicle-Demo-123,2024-11-16T03:40:43.831064,-31.35027700249128,114.3995972081664,103.96,North,Petrol
2d80bb79-5301-47f2-a35b-6c81166998c6,Vehicle-Demo-123,2024-11-16T03:41:36.831064,-31.639952077945363,114.54931941109658,95.0,East,Petrol
1e3297da-1542-4eb7-a487-c4efb470dce9,Vehicle-Demo-123,2024-11-16T03:42:15.831064,-31.929607052953127,114.69966246316353,14.53,Northeast,Hybrid
cca43147-b3e7-443c-9969-fe923c7ca48f,Vehicle-Demo-123,2024-11-16T03:43:11.831064,-32.219217871886585,114.84954941074349,97.41,North,Petrol
b90ebba0-732c-4c16-995f-6c696d3f07f6,Vehicle-Demo-123,2024-11-16T03:43:42.831064,-32.50948134441125,114.99960195571983,116.84,Northeast,Electric
05cbd14b-8981-44a7-ae5d-420ed9a6f335,Vehicle-Demo-123,2024-11-16T03:44:15.831064,-32.79897242290624,115.14912054152492,109.36,East,Diesel
087723a4-7137-4040-8f4b-a673d876df1e,Vehicle-Demo-123,2024-11-16T03:44:53.831064,-33.088558853472385,115.29934559000908,49.8,West,Petrol
1fcabccf-a65f-483b-8010-7b34a6d0b541,Vehicle-Demo-123,2024-11-16T03:45:47.831064,-33.378639922102785,115.44935504824156,107.43,Southwest,Electric
0c38d8d8-c8f5-47de-8910-cb0a5df41472,Vehicle-Demo-123,2024-11-16T03:46:24.831064,-33.668149763518265,115.59947200135983,83.7,Northeast,Electric
b2dc14f8-067b-4dd5-b5e0-3fbd55213dca,Vehicle-Demo-123,2024-11-16T03:46:55.831064,-33.957642796696064,115.74974692530644,50.88,South,Diesel
d116e037-2d96-4359-9ed5-c2bab0fe878c,Vehicle-Demo-123,2024-11-16T03:47:55.831064,-34.24760303827513,115.90000055142467,88.19,South,Diesel
17ea21ab-4c2b-4e52-8579-b52a55649b8b,Vehicle-Demo-123,2024-11-16T03:48:32.831064,-34.5370832976598,116.05005710335848,11.99,South,Petrol
0001c31e-34c2-4536-a9a0-237ee4f903c8,Vehicle-Demo-123,2024-11-16T03:49:18.831064,-34.82689469803372,116.20014933483199,96.04,North,Petrol
256641a5-cf51-41d9-a329-cb890df34e69,Vehicle-Demo-123,2024-11-16T03:49:58.831064,-35.11652789472692,116.35038635566096,13.27,South,Electric
5009e294-459a-435d-b272-8cc611aee822,Vehicle-Demo-123,2024-11-16T03:50:48.831064,-35.40665661592397,116.50071011850815,59.0,Northeast,Diesel
14d4b603-c0a7-4420-8654-1abd027f5a02,Vehicle-Demo-123,2024-11-16T03:51:20.831064,-35.69711034373226,116.65073833247997,68.66,Southeast,Hybrid
0f9f582c-fa81-486a-93fb-8e77cc419752,Vehicle-Demo-123,2024-11-16T03:52:04.831064,-35.98700029894131,116.8002700670291,80.49,West,Diesel
e56bb3c9-d772-464c-949a-f22c5b3817e3,Vehicle-Demo-123,2024-11-16T03:52:35.831064,-36.276664615340415,116.95010449592061,96.6,Northeast,Electric
0371ab86-1e5b-45e5-ade8-59f6f5e24d26,Vehicle-Demo-123,2024-11-16T03:53:10.831064,-36.567010258572665,117.10045738656852,11.65,Southeast,Electric
c592b303-e534-48ba-8540-971d4319e246,Vehicle-Demo-123,2024-11-16T03:53:59.831064,-36.85743590636322,117.2508753735026,17.52,Southeast,Electric
ab9d2a6f-0a06-4285-99bb-03f66aa21327,Vehicle-Demo-123,2024-11-16T03:54:42.831064,-37.1475486515005,117.40132231313278,70.49,West,Hybrid
34869bd0-fe9c-472c-b0b3-22da04cdd880,Vehicle-Demo-123,2024-11-16T03:55:27.831064,-37.4375973430851,117.55113386590523,78.32,East,Petrol
5c39f3f8-ea5a-435d-b524-dbd0a62e3160,Vehicle-Demo-123,2024-11-16T03:56:02.831064,-37.72753365427496,117.70071657351083,111.8,West,Hybrid
16f5fbeb-69fe-4ec3-81a6-95d4901dcb99,Vehicle-Demo-123,2024-11-16T03:56:33.831064,-38.01773065909184,117.85101009401099,71.96,Southeast,Electric
3abdd836-a282-4177-8ef3-6f625c3da313,Vehicle-Demo-123,2024-11-16T03:57:27.831064,-38.3076298692122,118.00079251115221,88.13,Southwest,Diesel
bda9142d-9416-4bbb-8d61-f0ba010f988a,Vehicle-Demo-123,2024-11-16T03:57:58.831064,-38.59790904237002,118.15057849975871,36.8,North,Electric
57d198ae-b947-450a-a90b-c9120cac15f4,Vehicle-Demo-123,2024-11-16T03:58:39.831064,-38.88791776698804,118.300712294531,44.22,West,Hybrid
a1d0eab3-b922-4c80-90d0-3315ec79690e,Vehicle-Demo-123,2024-11-16T03:59:18.831064,-39.17827229575398,118.45089696512397,45.89,East,Diesel
c4ece0e3-3b96-488a-be0a-76068739ae4f,Vehicle-Demo-123,2024-11-16T04:00:10.831064,-39.46870561945505,118.60133680867737,59.1,Northwest,Hybrid
9af52e8c-6fe2-4f18-bb8f-4d6d7f23ecb3,Vehicle-Demo-123,2024-11-16T04:00:49.831064,-39.75849198649733,118.75126667083906,77.67,Southwest,Petrol
b175e29d-5c30-48ae-8e28-26901ae33ab0,Vehicle-Demo-123,2024-11-16T04:01:40.831064,-40.04843243531258,118.90136233745523,112.75,West,Petrol
31159c32-5779-4ed3-9655-8d86f5cd5f04,Vehicle-Demo-123,2024-11-16T04:02:17.831064,-40.3385188053842,119.05100473864454,97.61,West,Petrol
f0d8e11d-2f30-497e-971e-9959fed98b6d,Vehicle-Demo-123,2024-11-16T04:02:47.831064,-40.62825138114645,119.20069837594102,116.69,West,Electric
339abddb-0943-4144-b5ac-99d74575f3e2,Vehicle-Demo-123,2024-11-16T04:03:27.831064,-40.918525543715575,119.35070813034652,113.95,Northwest,Hybrid
0f11a178-303d-46d2-a0c2-660eb39d3df2,Vehicle-Demo-123,2024-11-16T04:04:25.831064,-41.20808992999191,119.5008631026225,52.04,Northwest,Electric
025d6ead-7069-4e76-831f-600dc97cd3c0,Vehicle-Demo-123,2024-11-16T04:05:10.831064,-41.497560621323515,119.65100545994032,76.23,Southeast,Petrol
317fe1e1-bed1-4970-b3c8-f68248f87ad7,Vehicle-Demo-123,2024-11-16T04:05:46.831064,-41.78776071921488,119.80111398434134,67.67,Northeast,Hybrid
1d3a1e5c-231c-43ef-8d8b-3a12f91faed8,Vehicle-Demo-123,2024-11-16T04:06:36.831064,-42.07748318431533,119.95146990807956,15.7,Southeast,Hybrid
b2d97025-19b6-4be8-bce8-557c562e9af4,Vehicle-Demo-123,2024-11-16T04:07:22.831064,-42.36751399350787,120.10097067793355,86.15,Northeast,Electric
73114903-f192-411d-85d4-ed4f0f9bcf70,Vehicle-Demo-123,2024-11-16T04:08:16.831064,-42.65743581370377,120.25135183541082,102.88,Northeast,Hybrid
16ec385d-5fc7-49e4-9aa7-1409c477a9ef,Vehicle-Demo-123,2024-11-16T04:08:51.831064,-42.947324982993564,120.4011653497534,115.43,North,Diesel
79c633bc-9109-4d83-a349-2a524c36b167,Vehicle-Demo-123,2024-11-16T04:09:24.831064,-43.23696569059716,120.55098991802197,103.13,East,Diesel
23784f66-13c5-45c5-a604-0a0ddf9084b0,Vehicle-Demo-123,2024-11-16T04:10:10.831064,-43.52686532936152,120.70075158808135,14.78,Southeast,Petrol
01d01726-f605-48d1-b68e-fa6f86ed6e76,Vehicle-Demo-123,2024-11-16T04:10:54.831064,-43.817241654258765,120.85037994320456,89.21,East,Petrol
4210d3c7-1369-4b61-b4ac-a50528972ac6,Vehicle-Demo-123,2024-11-16T04:11:31.831064,-44.10671879066247,121.00047343094369,28.54,North,Hybrid
ed8fa7a6-70ad-408c-a74d-67b2623a3c7c,Vehicle-Demo-123,2024-11-16T04:12:08.831064,-44.39618291682168,121.15014758520611,57.28,South,Diesel
c710665d-984c-4002-adcc-c596d3aeda83,Vehicle-Demo-123,2024-11-16T04:13:01.831064,-44.686329221476896,121.2998283262878,88.13,North,Diesel
96f79f3f-b182-4a84-a5c3-2abf90b68e80,Vehicle-Demo-123,2024-11-16T04:13:49.831064,-44.97590115474044,121.449994855991,109.35,Northeast,Electric
2b6aaf10-cd90-4988-bd5f-700673797982,Vehicle-Demo-123,2024-11-16T04:14:27.831064,-45.26609729555088,121.60037795449387,76.16,Northwest,Diesel
8a7b913b-7210-4d73-a2b2-85f102831128,Vehicle-Demo-123,2024-11-16T04:15:10.831064,-45.556193832028015,121.75053781070241,57.96,East,Diesel
3d045283-b400-4144-88e4-590bad9abc5c,Vehicle-Demo-123,2024-11-16T04:15:41.831064,-45.845984990452045,121.90096900543529,101.18,North,Electric
b660c1c1-14aa-416d-a78c-d42fdd0312c4,Vehicle-Demo-123,2024-11-16T04:16:16.831064,-46.13560489588979,122.0513950395027,97.9,North,Petrol
fb17542f-f29c-4d0e-bf9b-72ce2eea60ed,Vehicle-Demo-123,2024-11-16T04:17:02.831064,-46.42561056457577,122.20089724565499,73.18,East,Electric
3437299e-c08d-42df-96d2-2ed3f10bb34d,Vehicle-Demo-123,2024-11-16T04:17:46.831064,-46.71586832410363,122.35062355137083,93.24,Southeast,Petrol
89a3df3c-a50c-4c6c-9e94-1db0ed13037d,Vehicle-Demo-123,2024-11-16T04:18:34.831064,-47.00600235176031,122.50099431218959,56.89,West,Electric
a2529127-17ec-40d2-93e4-d509aab1887d,Vehicle-Demo-123,2024-11-16T04:19:20.831064,-47.29612641813502,122.65077422780955,40.87,Southeast,Hybrid
76d107de-4678-4879-810e-40164539e93a,Vehicle-Demo-123,2024-11-16T04:20:10.831064,-47.58574887537795,122.8012547988557,55.32,Southeast,Electric
a0815e1a-f43c-49a6-82fe-0345be60b146,Vehicle-Demo-123,2024-11-16T04:20:41.831064,-47.87525246017136,122.95171238310506,28.94,Southwest,Diesel
69783d4e-a922-4a48-b1de-6c0f7d5b94ca,Vehicle-Demo-123,2024-11-16T04:21:25.831064,-48.165653972086126,123.10165798609731,109.13,Southwest,Petrol
4f6b79ef-87ed-4715-98ec-8329ba270a0f,Vehicle-Demo-123,2024-11-16T04:21:57.831064,-48.455405467547884,123.25166340409771,34.21,West,Petrol
149259c3-256d-4614-b03d-5d7d8cb4d7e5,Vehicle-Demo-123,2024-11-16T04:22:49.831064,-48.744922950932704,123.40179325130369,47.56,Southwest,Petrol
51d18f92-ed6f-4c7d-827c-b058128e0c00,Vehicle-Demo-123,2024-11-16T04:23:20.831064,-49.03534251643285,123.55209664919205,82.82,Southwest,Electric
c9e85f3d-1ea2-4471-9efe-2290f8d9026e,Vehicle-Demo-123,2024-11-16T04:24:05.831064,-49.324984637049894,123.7020859314565,62.3,Southeast,Petrol
f8890918-abda-4ada-94ba-f06554b7f102,Vehicle-Demo-123,2024-11-16T04:24:38.831064,-49.61481105085669,123.85182793808488,52.07,West,Diesel
67007790-a212-4328-b4c9-8df637be1762,Vehicle-Demo-123,2024-11-16T04:25:15.831064,-49.905236381890326,124.00226992853209,25.31,East,Electric
d5008a79-a9b9-4d91-be72-93cc5359b39f,Vehicle-Demo-123,2024-11-16T04:26:05.831064,-50.19566340860239,124.15247841332938,41.6,North,Diesel
2566ccd3-cefc-4d9d-897a-bbb93fd3ce7d,Vehicle-Demo-123,2024-11-16T04:26:48.831064,-50.48601132835717,124.30244021217867,38.19,West,Petrol
86775c42-d28f-4372-9407-830bff6fc1a7,Vehicle-Demo-123,2024-11-16T04:27:23.831064,-50.775639440476915,124.45221338938435,31.46,Northwest,Diesel
ec34b3b8-d776-404d-8b76-4b0558d044a9,Vehicle-Demo-123,2024-11-16T04:28:10.831064,-51.065782730556656,124.60249373917208,14.29,North,Petrol
d0361006-7ed7-4eda-8971-14db9504c3c2,Vehicle-Demo-123,2024-11-16T04:28:56.831064,-51.35540784184915,124.75202310215882,27.99,Southwest,Petrol
1f168f23-2e37-4a73-bcd3-b70aba3382b5,Vehicle-Demo-123,2024-11-16T04:29:42.831064,-51.64574952419329,124.90206649774754,72.13,North,Petrol
393f4194-ba9c-4ebf-9bce-72063c9f2e5a,Vehicle-Demo-123,2024-11-16T04:30:38.831064,-51.935490530367005,125.05169518760246,87.76,Southeast,Petrol
af9e5c84-1376-4e30-9bbb-b5d45c09284c,Vehicle-Demo-123,2024-11-16T04:31:34.831064,-52.22508678646722,125.20161908018798,102.57,West,Petrol
4f871e19-1d9c-480f-bee0-189580d175b4,Vehicle-Demo-123,2024-11-16T04:32:27.831064,-52.515168155430906,125.35194916260437,109.25,North,Electric
dc1d1926-516f-479d-8948-0feb2fa2c7a9,Vehicle-Demo-123,2024-11-16T04:33:00.831064,-52.80539069280824,125.50213595082957,115.39,North,Petrol
6080ae8d-386d-4a82-b053-8a0327a95e0b,Vehicle-Demo-123,2024-11-16T04:33:39.831064,-53.09489779452384,125.65165775503155,17.77,West,Hybrid
e83588d6-8031-42ef-a221-557b29ac1b61,Vehicle-Demo-123,2024-11-16T04:34:09.831064,-53.38504378647554,125.80194779733777,43.34,Northwest,Hybrid
fecf05fd-2b4e-4344-9fb0-4b61c06a62dd,Vehicle-Demo-123,2024-11-16T04:34:51.831064,-53.67470268323447,125.95195935899588,97.1,West,Petrol
8151ff48-a0cd-4345-aee6-2ffe122250b8,Vehicle-Demo-123,2024-11-16T04:35:44.831064,-53.964513897824695,126.1023820721732,27.41,Southeast,Electric
28a91338-4d9e-43fd-a718-299b56bd5934,Vehicle-Demo-123,2024-11-16T04:36:36.831064,-54.25476665465449,126.2518938206105,27.22,West,Petrol
a2b61341-265a-4430-987e-74fb6d131192,Vehicle-Demo-123,2024-11-16T04:37:24.831064,-54.54486355829217,126.40221716274178,87.31,Northwest,Petrol
a13da4c0-143b-428a-b1e5-8bc94112e914,Vehicle-Demo-123,2024-11-16T04:38:07.831064,-54.83489247420585,126.55233094182886,116.7,East,Diesel
10fe2720-317e-4170-bd41-285a2dbfa895,Vehicle-Demo-123,2024-11-16T04:39:00.831064,-55.124941155396264,126.70223586387215,85.96,Southeast,Petrol
88236893-8a58-49f5-9266-32e90028888b,Vehicle-Demo-123,2024-11-16T04:39:35.831064,-55.41463239250963,126.85185839758513,43.14,Southeast,Petrol
db444d55-515d-42a5-b82f-c4c4ad7dfbec,Vehicle-Demo-123,2024-11-16T04:40:33.831064,-55.70459199143049,127.00212077817511,59.48,Northeast,Electric
45527817-9865-48f0-8783-ca33320814f1,Vehicle-Demo-123,2024-11-16T04:41:06.831064,-55.99408619131984,127.15250186553233,15.49,East,Petrol
8a619d4a-4f12-4153-a75d-fcea75db2c0e,Vehicle-Demo-123,2024-11-16T04:41:58.831064,-56.28404567607272,127.30290685830803,26.19,Northwest,Diesel
c44c53b4-1402-437b-8923-e135398be0f8,Vehicle-Demo-123,2024-11-16T04:42:41.831064,-56.5740901044516,127.45321544317885,72.75,North,Diesel
d09006e0-c2d0-43bf-8cfe-a69b8d781866,Vehicle-Demo-123,2024-11-16T04:43:18.831064,-56.86412168648247,127.60345778460233,55.87,South,Hybrid
2ce7162e-657d-4e15-8287-69c1fb8c0936,Vehicle-Demo-123,2024-11-16T04:44:08.831064,-57.15401956993748,127.7538049424928,33.73,West,Hybrid
833ee973-fa89-463a-81d6-0dabed5625a7,Vehicle-Demo-123,2024-11-16T04:44:52.831064,-57.44362604024583,127.90402759543817,17.7,Southwest,Diesel
8defead6-8756-4df1-9617-dd73b16acde5,Vehicle-Demo-123,2024-11-16T04:45:36.831064,-57.733444574348034,128.05428796411923,97.28,Northwest,Diesel
f494daa5-56d6-4ca0-8784-5f46888a1ab1,Vehicle-Demo-123,2024-11-16T04:46:27.831064,-58.02345374182936,128.20404127840226,20.17,Northeast,Diesel
05e1ccc8-5937-485a-9373-075407d3b958,Vehicle-Demo-123,2024-11-16T04:47:05.831064,-58.31324760376217,128.35400162032187,60.68,West,Diesel
42aae623-5b9e-4182-b6d8-9c1e4ebcc15c,Vehicle-Demo-123,2024-11-16T04:48:05.831064,-58.60286234928797,128.5036185678787,91.02,North,Electric
8da7b4c8-5c03-4973-b5e9-8c9e29451851,Vehicle-Demo-123,2024-11-16T04:48:55.831064,-58.893069351380284,128.6534547865336,32.92,Northeast,Petrol
1bd2e0d8-6cbe-418c-a2a8-438067d3efe5,Vehicle-Demo-123,2024-11-16T04:49:54.831064,-59.18340804932872,128.8032114854358,86.97,Southeast,Hybrid
23ccff4f-bcda-4d59-94ea-b50604e17067,Vehicle-Demo-123,2024-11-16T04:50:36.831064,-59.47337162017958,128.95307887052095,20.27,West,Hybrid
f4984bc8-047d-49f5-aa0c-aae0ee74018b,Vehicle-Demo-123,2024-11-16T04:51:06.831064,-59.763386696330514,129.10292859505634,107.74,South,Diesel
d580bdbe-7bef-43d8-a87c-95da9a2063c2,Vehicle-Demo-123,2024-11-16T04:51:39.831064,-60.053615028483854,129.25314351634978,17.47,North,Electric
18ad04b4-9cbe-4865-8559-e8eb47698baa,Vehicle-Demo-123,2024-11-16T04:52:10.831064,-60.343820365334615,129.40362303955627,31.21,West,Petrol
65349631-2df7-4384-b6d8-dd0f203fe2fd,Vehicle-Demo-123,2024-11-16T04:52:51.831064,-60.63412895199884,129.5534362854214,85.7,West,Hybrid
c28ce015-94ac-437a-b8cc-60764ca3f34a,Vehicle-Demo-123,2024-11-16T04:53:30.831064,-60.92382122483438,129.70301682902837,85.14,East,Electric
6ea4b4ec-0b03-4be0-9446-9b91df6b0a3f,Vehicle-Demo-123,2024-11-16T04:54:21.831064,-61.21338035604617,129.8533035008962,43.36,North,Hybrid
fff479fc-d47a-46b5-ae71-3b0fec2964a2,Vehicle-Demo-123,2024-11-16T04:55:06.831064,-61.50315765499045,130.00327219499346,25.34,East,Electric
8afd0cab-216d-4d8d-be95-8f070bf70ae3,Vehicle-Demo-123,2024-11-16T04:55:48.831064,-61.793279955153075,130.15343293558416,44.18,Southwest,Hybrid
49b16fd0-c7a5-4099-bce5-dfb5c0c13ced,Vehicle-Demo-123,2024-11-16T04:56:25.831064,-62.083724974702385,130.30294460317805,94.76,Southwest,Hybrid
44afd5a2-c260-4f28-a8de-0fa1c7a529d4,Vehicle-Demo-123,2024-11-16T04:57:24.831064,-62.37352020225899,130.45267411511514,74.63,Southeast,Electric
9195bb4b-02d8-4a62-b824-5522844d9d51,Vehicle-Demo-123,2024-11-16T04:58:22.831064,-62.66376930166875,130.6026952837509,77.98,Northeast,Diesel
8ce2f7b1-a804-4326-a6ed-bcf14580d1de,Vehicle-Demo-123,2024-11-16T04:59:17.831064,-62.9537492601704,130.75224266827598,30.19,South,Diesel
055835fb-08a8-4f7c-b3cf-d1c6af7edf8b,Vehicle-Demo-123,2024-11-16T05:00:01.831064,-63.243906771194176,130.90251353622537,81.98,East,Electric
bb24b468-7642-48b3-8bf0-3fc4c4061bc3,Vehicle-Demo-123,2024-11-16T05:00:35.831064,-63.53418588274006,131.0526229344233,75.77,Southeast,Hybrid
768941d8-94fb-4452-b7ad-16a4f4272dcc,Vehicle-Demo-123,2024-11-16T05:01:07.831064,-63.824494369553385,131.20212411927253,30.36,East,Petrol
2b033eba-7135-444a-a98c-eb1650c2fa1b,Vehicle-Demo-123,2024-11-16T05:02:06.831064,-64.1148806876177,131.3521151540184,107.13,West,Electric
633518b0-cd43-4b4f-bd8c-3776dbc877bb,Vehicle-Demo-123,2024-11-16T05:02:49.831064,-64.40488475148952,131.50203432325472,83.03,South,Petrol
df8c3cfd-263e-4c12-ba20-2f9c20fe7403,Vehicle-Demo-123,2024-11-16T05:03:46.831064,-64.69507173597957,131.65175707838813,48.26,West,Diesel
00af02d4-cfa5-418b-8bff-b66a59fd1ecc,Vehicle-Demo-123,2024-11-16T05:04:37.831064,-64.98542287193008,131.80175537585095,108.86,East,Petrol
45895e03-0758-43c2-bd26-deb58418a32c,Vehicle-Demo-123,2024-11-16T05:05:31.831064,-65.27522265741709,131.95185169192126,109.42,East,Diesel
86c37b48-26de-4963-ae14-e183ea69356d,Vehicle-Demo-123,2024-11-16T05:06:21.831064,-65.56489779583394,132.101440837447,97.99,South,Hybrid
817b5123-7f00-4aac-8849-5c0ff52beee8,Vehicle-Demo-123,2024-11-16T05:07:01.831064,-65.85447386046341,132.25132463251668,61.76,Southeast,Diesel
1ac3b750-3757-4249-98c5-8aaea86f6989,Vehicle-Demo-123,2024-11-16T05:07:58.831064,-66.14436463117624,132.40111452478732,43.38,Southwest,Diesel
7d186f99-b7a3-4daa-904a-6d6264ebc73d,Vehicle-Demo-123,2024-11-16T05:08:28.831064,-66.43452846405458,132.55133627711237,52.65,Southeast,Diesel
6c272f71-8cd3-4c3a-a556-9a5741eacd0e,Vehicle-Demo-123,2024-11-16T05:09:03.831064,-66.72492088073682,132.7012919436835,85.49,East,Petrol
d1402bc9-87b8-4a3e-8719-a1c684a9e6c8,Vehicle-Demo-123,2024-11-16T05:09:47.831064,-67.01537860495534,132.85132510338383,105.8,Southeast,Diesel
29c9bbc1-4173-4839-9716-85d2f46a04af,Vehicle-Demo-123,2024-11-16T05:10:32.831064,-67.30499462822007,133.00085318247613,47.29,Northwest,Hybrid
81207e45-348a-4946-8f15-4d53ef2ab519,Vehicle-Demo-123,2024-11-16T05:11:06.831064,-67.59484184204148,133.1504821650841,41.59,East,Electric
a0aba868-259d-4a74-9233-b4ce300898f7,Vehicle-Demo-123,2024-11-16T05:11:46.831064,-67.88440280657376,133.30058558822242,39.02,South,Electric
04a3b12d-7515-41e6-a518-a888946300ef,Vehicle-Demo-123,2024-11-16T05:12:16.831064,-68.17426817700554,133.45062879989055,22.9,West,Electric
8502ee44-93e0-4fcb-a022-fcf9a60b04f4,Vehicle-Demo-123,2024-11-16T05:12:48.831064,-68.46435782540894,133.60026060046678,58.51,Northwest,Petrol
85895e7a-4517-4a91-b0d0-6c08a5f0a67d,Vehicle-Demo-123,2024-11-16T05:13:21.831064,-68.75422704536965,133.7500351072965,72.03,Northwest,Diesel
85f5cb4c-bae0-4fce-9bab-18cc6133597d,Vehicle-Demo-123,2024-11-16T05:14:14.831064,-69.04444735374604,133.90018338362628,108.05,East,Electric
924d5822-52a0-4ad7-a015-b80e30261d57,Vehicle-Demo-123,2024-11-16T05:14:58.831064,-69.33393576894392,134.05017077329424,36.78,East,Hybrid
el
22e6314c-e021-485c-a36c-7eb3017493c2,Vehicle-Demo-123,2024-11-16T05:16:10.831064,-69.91375776773909,134.35052663789557,71.64,Southwest,Petrol
a072a85d-434a-4aea-94ad-c6abf54018c1,Vehicle-Demo-123,2024-11-16T05:17:26.831064,-70.49307667372736,134.65016779029918,103.21,Southeast,Electric
f41feeb0-9b18-49fb-8f58-e9d0f7fcbbf0,Vehicle-Demo-123,2024-11-16T05:16:48.831064,-70.20326966113755,134.50040669374687,68.98,Southeast,Hybrid
87709703-6dce-4e44-bbf6-d8a58e53709b,Vehicle-Demo-123,2024-11-16T05:18:17.831064,-70.78299951286375,134.8001102473524,112.34,West,Petrol
78ceef4f-063e-4954-8d8b-5f5a34094f93,Vehicle-Demo-123,2024-11-16T05:18:54.831064,-71.07284836736662,134.94998072952512,69.5,Northwest,Diesel
b160080f-cd03-4461-bf0a-fa7129ab2730,Vehicle-Demo-123,2024-11-16T05:19:25.831064,-71.36255529719404,135.10016563247888,83.22,South,Electric
d22a1f2f-59b5-4300-890f-dc5f1d209f1e,Vehicle-Demo-123,2024-11-16T05:20:15.831064,-71.65278969536719,135.25040426897547,78.99,West,Electric
94108198-2739-4334-a310-63bc6ace8f55,Vehicle-Demo-123,2024-11-16T05:20:52.831064,-71.9429749655291,135.40064953428202,12.6,Northeast,Electric
d313ee84-82b9-4820-977b-e7de7c48b0a2,Vehicle-Demo-123,2024-11-16T05:21:34.831064,-72.23318233330691,135.55069295646507,95.06,Northwest,Diesel
b38d088a-2a08-480f-96a6-35a31d967079,Vehicle-Demo-123,2024-11-16T05:22:28.831064,-72.52347246402852,135.70058916046304,92.84,North,Petrol
122c6e04-35ce-436b-8e7f-2915f8fa6e8b,Vehicle-Demo-123,2024-11-16T05:23:01.831064,-72.81294033504193,135.85097427877534,117.3,South,Electric
82034199-4d9a-46fb-ac12-44b50b8ca3cb,Vehicle-Demo-123,2024-11-16T05:23:40.831064,-73.1030839749161,136.00142774942472,110.0,South,Diesel
c22b2b77-96b6-4a52-8fbb-f20eb1fd99ba,Vehicle-Demo-123,2024-11-16T05:24:26.831064,-73.3928456209802,136.1510135723243,92.19,Northwest,Petrol
c8c969ba-4f8a-48f7-b36d-597a36b797e7,Vehicle-Demo-123,2024-11-16T05:24:56.831064,-73.68276767495131,136.30088406905853,63.06,North,Petrol
2a9b1513-033b-4137-b0a2-7a83a99f20c0,Vehicle-Demo-123,2024-11-16T05:25:39.831064,-73.97232620743466,136.45116992306518,59.64,Southwest,Petrol
fb87f392-6c05-4e5b-a381-89de580e912e,Vehicle-Demo-123,2024-11-16T05:26:31.831064,-74.26201963747279,136.60103998590225,24.63,Northwest,Electric
9d9338b9-a664-4c9f-8cfb-9e55bbf7a904,Vehicle-Demo-123,2024-11-16T05:27:20.831064,-74.55233420970966,136.75146673152435,29.62,West,Hybrid
b77c16aa-c2c8-4b6c-8339-2c266f2e9470,Vehicle-Demo-123,2024-11-16T05:28:04.831064,-74.8419516980845,136.90113725550506,63.99,South,Diesel
328a3dbd-fe2d-43c9-84d2-e2d0db6a0478,Vehicle-Demo-123,2024-11-16T05:28:57.831064,-75.13160722871051,137.0513702336141,37.74,West,Electric
34c95f95-713a-4edc-8564-8f375f6b1b78,Vehicle-Demo-123,2024-11-16T05:29:51.831064,-75.42115797605533,137.20149539016487,32.85,Southwest,Electric
8b0483d5-cf30-474a-aa3d-b3c84994a6b5,Vehicle-Demo-123,2024-11-16T05:30:43.831064,-75.71157207070233,137.35102944728933,66.18,South,Electric
7dba0f08-c653-4136-9682-100c31c8c15f,Vehicle-Demo-123,2024-11-16T05:31:31.831064,-76.0012677008657,137.50087723151012,89.5,Southeast,Hybrid
67c5fb6c-cef6-4d7f-ac34-41133c21185c,Vehicle-Demo-123,2024-11-16T05:32:26.831064,-76.29075101978052,137.6508151581213,10.68,Southeast,Diesel
39341295-6916-42af-9d8c-c1a2e94b0571,Vehicle-Demo-123,2024-11-16T05:32:57.831064,-76.58092659671662,137.80042888089727,34.21,Southeast,Diesel
d46e1e42-bf64-4bd4-810a-77640b8e27d6,Vehicle-Demo-123,2024-11-16T05:33:32.831064,-76.87101046145932,137.95044879459974,115.91,East,Electric
6b059302-1c29-4902-88b4-776e26083c22,Vehicle-Demo-123,2024-11-16T05:34:28.831064,-77.16119047789432,138.10063895108905,56.04,West,Petrol
8373fd80-bb26-4389-87ab-a0c50f5602e8,Vehicle-Demo-123,2024-11-16T05:35:01.831064,-77.45073858757839,138.2506362729107,59.44,North,Petrol
fd2531cf-a886-4add-8f51-f25e1556b54a,Vehicle-Demo-123,2024-11-16T05:35:39.831064,-77.7403188165033,138.40086700764041,92.54,South,Hybrid
c99035ff-9218-46f1-bdbb-47afa58cc698,Vehicle-Demo-123,2024-11-16T05:36:23.831064,-78.03032005283961,138.55113802325374,16.8,Southwest,Petrol
afbba1e5-0fc8-44c6-8edb-1db2dd3ce724,Vehicle-Demo-123,2024-11-16T05:37:14.831064,-78.32009674584681,138.70156153002353,36.52,South,Electric
df8431fd-8d05-45e9-b778-99b921a9a96b,Vehicle-Demo-123,2024-11-16T05:38:11.831064,-78.61027229182014,138.85107555372355,111.5,West,Electric
9cecc4dd-433b-4273-ac2b-84973957e9b8,Vehicle-Demo-123,2024-11-16T05:38:54.831064,-78.90063650258706,139.00086625424672,94.34,Northwest,Petrol
e9abce91-110d-4242-ace0-aa5199e54e36,Vehicle-Demo-123,2024-11-16T00:09:14.070434,36.7942814923981,79.15016786632647,82.73,Southeast,Electric
3c32a496-5156-4249-844b-1a5cb3e853d9,Vehicle-Demo-123,2024-11-16T00:17:12.254910,36.79369511202462,79.14957561195995,99.39,West,Petrol
